Date,Ticker,Open,High,Low,Close,Spread
2025-01-02,^DJI,42660.08984375,42905.08984375,42174.80078125,42392.26953125,730.2890625
2025-01-03,^DJI,42495.76171875,42782.76171875,42436.921875,42732.12890625,345.83984375
2025-01-06,^DJI,42835.51953125,43115.30859375,42611.16015625,42706.55859375,504.1484375
2025-01-07,^DJI,42809.7109375,42931.5390625,42380.75,42528.359375,550.7890625
2025-01-08,^DJI,42542.1015625,42656.21875,42327.7890625,42635.19921875,328.4296875
2025-01-10,^DJI,42540.2890625,42540.2890625,41877.30078125,41938.44921875,662.98828125
2025-01-13,^DJI,41924.6796875,42319.6015625,41844.890625,42297.12109375,474.7109375
2025-01-14,^DJI,42366.421875,42544.5703125,42157.03125,42518.28125,387.5390625
2025-01-15,^DJI,42927.76171875,43323.48828125,42927.76171875,43221.55078125,395.7265625
2025-01-16,^DJI,43290.25,43294.80859375,43081.75,43153.12890625,213.05859375
2025-01-17,^DJI,43312.55078125,43653.25,43312.55078125,43487.828125,340.69921875
2025-01-21,^DJI,43528.6484375,44050.12890625,43528.6484375,44025.80859375,521.48046875
2025-01-22,^DJI,44178.05859375,44208.33984375,44042.109375,44156.73046875,166.23046875
2025-01-23,^DJI,44113.55078125,44565.26171875,44113.55078125,44565.0703125,451.7109375
2025-01-24,^DJI,44533.75,44545.51953125,44332.21875,44424.25,213.30078125
2025-01-27,^DJI,44148.83984375,44727.8515625,44026.26953125,44713.578125,701.58203125
2025-01-28,^DJI,44756.359375,44976.3515625,44621.9609375,44850.3515625,354.390625
2025-01-29,^DJI,44819.55078125,44962.578125,44579.1015625,44713.51953125,383.4765625
2025-01-30,^DJI,44548.69140625,45008.75,44548.69140625,44882.12890625,460.05859375
2025-01-31,^DJI,45054.359375,45054.359375,44507.21875,44544.66015625,547.140625
2025-02-03,^DJI,44268.1484375,44594.5390625,43879.05859375,44421.91015625,715.48046875
2025-02-04,^DJI,44469.4609375,44597.7109375,44328.51953125,44556.0390625,269.19140625
2025-02-05,^DJI,44563.62890625,44886.87890625,44352.98828125,44873.28125,533.890625
2025-02-06,^DJI,44949.19140625,44966.62890625,44545.26953125,44747.62890625,421.359375
2025-02-07,^DJI,44762.5703125,44857.109375,44279.78125,44303.3984375,577.328125
2025-02-10,^DJI,44396.921875,44622.19140625,44301.421875,44470.41015625,320.76953125
2025-02-11,^DJI,44401.37890625,44640.6015625,44319.51171875,44593.6484375,321.08984375
2025-02-12,^DJI,44357.69921875,44467.2109375,44104.48046875,44368.55859375,362.73046875
2025-02-13,^DJI,44425.94140625,44768.26171875,44366.62109375,44711.4296875,401.640625
2025-02-14,^DJI,44720.98828125,44769.05078125,44498.9609375,44546.078125,270.08984375
2025-02-18,^DJI,44583.91015625,44602.01953125,44319.3203125,44556.33984375,282.69921875
2025-02-19,^DJI,44478.12109375,44636.19140625,44312.6484375,44627.58984375,323.54296875
2025-02-20,^DJI,44561.109375,44561.109375,43950.16015625,44176.6484375,610.94921875
2025-02-21,^DJI,43820.12890625,43959.73046875,43349.328125,43428.01953125,610.40234375
2025-02-24,^DJI,43493.12109375,43699.1484375,43343.671875,43461.2109375,355.4765625
2025-02-25,^DJI,43509.73828125,43767.73828125,43282.98046875,43621.16015625,484.7578125
2025-02-26,^DJI,43635.421875,43866.5,43318.9296875,43433.12109375,547.5703125
2025-02-27,^DJI,43516.44140625,43884.19140625,43224.53125,43239.5,659.66015625
2025-02-28,^DJI,43259.83984375,43873.55078125,43100.87109375,43840.91015625,772.6796875
2025-03-03,^DJI,43900.48828125,44033.78125,42919.30859375,43191.23828125,1114.47265625
2025-03-04,^DJI,43040.30078125,43084.0,42347.75,42520.98828125,736.25
2025-03-05,^DJI,42518.37109375,43135.921875,42418.73046875,43006.58984375,717.19140625
2025-03-06,^DJI,42848.48828125,42970.48828125,42381.55859375,42579.078125,588.9296875
2025-03-07,^DJI,42503.0703125,42898.6796875,42175.62109375,42801.71875,723.05859375
2025-03-10,^DJI,42507.6484375,42541.359375,41612.921875,41911.7109375,928.4375
2025-03-11,^DJI,41837.94921875,41868.26953125,41175.37109375,41433.48046875,692.8984375
2025-03-12,^DJI,41577.5,41721.359375,41010.23828125,41350.9296875,711.12109375
2025-03-13,^DJI,41280.05078125,41360.12109375,40661.76953125,40813.5703125,698.3515625
2025-03-14,^DJI,41057.5703125,41528.109375,40929.5390625,41488.19140625,598.5703125
2025-03-17,^DJI,41460.21875,42013.1015625,41412.75,41841.62890625,600.3515625
2025-03-18,^DJI,41772.91015625,41787.25,41415.4296875,41581.30859375,371.8203125
2025-03-19,^DJI,41613.19140625,42178.41015625,41613.19140625,41964.62890625,565.21875
2025-03-20,^DJI,41795.26171875,42250.2890625,41695.609375,41953.3203125,554.6796875
2025-03-21,^DJI,41763.3984375,42011.3984375,41433.859375,41985.3515625,577.5390625
2025-03-24,^DJI,42180.140625,42638.8515625,42180.140625,42583.3203125,458.7109375
2025-03-25,^DJI,42635.5390625,42696.609375,42441.828125,42587.5,254.78125
2025-03-26,^DJI,42655.8515625,42821.828125,42326.671875,42454.7890625,495.15625
2025-03-27,^DJI,42432.9609375,42523.83984375,42142.19140625,42299.69921875,381.6484375
2025-03-28,^DJI,42245.8203125,42258.1484375,41530.0,41583.8984375,728.1484375
2025-03-31,^DJI,41382.51953125,42147.37890625,41148.12890625,42001.76171875,999.25
2025-04-01,^DJI,41879.75,42140.66015625,41519.8984375,41989.9609375,620.76171875
2025-04-02,^DJI,41736.078125,42382.26953125,41629.69921875,42225.3203125,752.5703125
2025-04-03,^DJI,40986.51953125,41173.62109375,40513.109375,40545.9296875,660.51171875
2025-04-04,^DJI,40097.8984375,40097.8984375,38264.87109375,38314.859375,1833.02734375
2025-04-07,^DJI,37879.6484375,39207.01953125,36611.78125,37965.6015625,2595.23828125
2025-04-08,^DJI,38827.1015625,39426.6015625,37103.859375,37645.58984375,2322.7421875
2025-04-09,^DJI,37387.91015625,40778.69921875,37275.69140625,40608.44921875,3503.0078125
2025-04-10,^DJI,39996.9296875,39996.9296875,38427.69921875,39593.66015625,1569.23046875
2025-04-11,^DJI,39493.421875,40404.26953125,39255.2109375,40212.7109375,1149.05859375
2025-04-14,^DJI,40546.1484375,40778.2890625,40159.01953125,40524.7890625,619.26953125
2025-04-15,^DJI,40527.8203125,40791.1796875,40346.94140625,40368.9609375,444.23828125
2025-04-16,^DJI,40179.48828125,40416.80078125,39394.75,39669.390625,1022.05078125
2025-04-17,^DJI,39745.578125,39745.578125,38950.30859375,39142.23046875,795.26953125
2025-04-21,^DJI,38906.0390625,38906.0390625,37830.66015625,38170.41015625,1075.37890625
2025-04-22,^DJI,38516.23046875,39272.03125,38516.23046875,39186.98046875,755.80078125
2025-04-23,^DJI,39815.01171875,40376.109375,39487.140625,39606.5703125,888.96875
2025-04-24,^DJI,39531.05078125,40157.91015625,39371.87109375,40093.3984375,786.0390625
2025-04-25,^DJI,40045.73046875,40137.30859375,39718.6796875,40113.5,418.62890625
2025-04-28,^DJI,40171.73828125,40414.1796875,39869.1015625,40227.58984375,545.078125
2025-04-29,^DJI,40233.98046875,40630.48828125,40222.1796875,40527.62109375,408.30859375
2025-04-30,^DJI,40290.41015625,40777.16015625,39745.62890625,40669.359375,1031.53125
2025-05-01,^DJI,40918.0390625,41099.51953125,40705.62890625,40752.9609375,393.890625
2025-05-02,^DJI,40960.421875,41386.19140625,40960.421875,41317.4296875,425.76953125
2025-05-05,^DJI,41173.37890625,41445.91015625,41063.44140625,41218.828125,382.46875
2025-05-06,^DJI,41000.19140625,41164.328125,40759.41015625,40829.0,404.91796875
2025-05-07,^DJI,40956.078125,41266.91015625,40829.2890625,41113.96875,437.62109375
2025-05-08,^DJI,41312.5703125,41773.21875,41167.76171875,41368.44921875,605.45703125
2025-05-09,^DJI,41405.48046875,41512.4296875,41150.73046875,41249.37890625,361.69921875
2025-05-12,^DJI,41899.05078125,42418.05078125,41899.05078125,42410.1015625,519.0
2025-05-13,^DJI,42507.328125,42507.328125,42132.0390625,42140.4296875,375.2890625
2025-05-14,^DJI,42150.08984375,42254.75,41952.859375,42051.05859375,301.890625
2025-05-15,^DJI,41777.98046875,42351.421875,41777.98046875,42322.75,573.44140625
2025-05-16,^DJI,42356.19921875,42663.6796875,42232.55859375,42654.73828125,431.12109375
2025-05-19,^DJI,42542.80859375,42842.0390625,42337.7109375,42792.0703125,504.328125
2025-05-20,^DJI,42735.109375,42800.0390625,42485.37109375,42677.23828125,314.66796875
2025-05-21,^DJI,42354.4609375,42439.26953125,41785.21875,41860.44140625,654.05078125
2025-05-22,^DJI,41763.6796875,42090.421875,41714.4296875,41859.08984375,375.9921875
2025-05-23,^DJI,41525.69921875,41788.609375,41354.08984375,41603.0703125,434.51953125
2025-05-27,^DJI,41849.0390625,42350.66015625,41849.0390625,42343.6484375,501.62109375
2025-05-28,^DJI,42361.62890625,42448.71875,42042.26171875,42098.69921875,406.45703125
2025-05-29,^DJI,42190.01953125,42266.0,41828.3515625,42215.73046875,437.6484375
2025-05-30,^DJI,42192.3515625,42376.078125,41906.16015625,42270.0703125,469.91796875
2025-06-02,^DJI,42199.94140625,42317.0,41853.62109375,42305.48046875,463.37890625
2025-06-03,^DJI,42304.5,42568.37890625,42186.44140625,42519.640625,381.9375
2025-06-04,^DJI,42574.12890625,42645.0,42427.73828125,42427.73828125,217.26171875
2025-06-05,^DJI,42487.890625,42601.44921875,42211.69140625,42319.73828125,389.7578125
2025-06-06,^DJI,42631.8203125,42924.55859375,42582.55078125,42762.87109375,342.0078125
2025-06-09,^DJI,42786.19140625,42893.08984375,42567.55078125,42761.76171875,325.5390625
2025-06-10,^DJI,42738.26953125,42925.94140625,42710.08984375,42866.87109375,215.8515625
2025-06-11,^DJI,42882.859375,43115.69140625,42738.62109375,42865.76953125,377.0703125
2025-06-12,^DJI,42737.359375,42970.3984375,42606.421875,42967.62109375,363.9765625
2025-06-13,^DJI,42579.48046875,42602.48046875,42081.08984375,42197.7890625,521.390625
2025-06-16,^DJI,42300.12890625,42707.73046875,42300.12890625,42515.08984375,407.6015625
2025-06-17,^DJI,42358.62109375,42530.828125,42132.6484375,42215.80078125,398.1796875
2025-06-18,^DJI,42236.03125,42510.0703125,42118.23046875,42171.66015625,391.83984375
2025-06-20,^DJI,42291.08984375,42432.19140625,42089.98828125,42206.8203125,342.203125
2025-06-23,^DJI,42178.55078125,42609.46875,41981.140625,42581.78125,628.328125
2025-06-24,^DJI,42807.12890625,43183.48046875,42794.078125,43089.01953125,389.40234375
2025-06-25,^DJI,43130.328125,43130.328125,42871.5,42982.4296875,258.828125
2025-06-26,^DJI,43084.0703125,43430.98828125,43084.0703125,43386.83984375,346.91796875
2025-06-27,^DJI,43505.6015625,43966.37109375,43505.6015625,43819.26953125,460.76953125
2025-06-30,^DJI,44020.66015625,44138.69140625,43889.16015625,44094.76953125,249.53125
2025-07-01,^DJI,44061.48828125,44604.1484375,44013.5390625,44494.94140625,590.609375
2025-07-02,^DJI,44455.66015625,44557.8203125,44354.01171875,44484.421875,203.80859375
2025-07-03,^DJI,44565.75,44885.828125,44550.421875,44828.53125,335.40625
2025-07-07,^DJI,44803.359375,44803.359375,44160.3203125,44406.359375,643.0390625
2025-07-08,^DJI,44378.578125,44436.9609375,44201.37109375,44240.76171875,235.58984375
2025-07-09,^DJI,44327.12890625,44556.6796875,44225.87890625,44458.30078125,330.80078125
2025-07-10,^DJI,44427.75,44775.46875,44372.921875,44650.640625,402.546875
2025-07-11,^DJI,44480.76953125,44480.76953125,44275.25,44371.51171875,205.51953125
2025-07-14,^DJI,44346.1484375,44472.12890625,44237.28125,44459.6484375,234.84765625
2025-07-15,^DJI,44459.83984375,44504.26953125,44002.390625,44023.2890625,501.87890625
2025-07-16,^DJI,44152.73828125,44260.19140625,43758.98046875,44254.78125,501.2109375
2025-07-17,^DJI,44229.87890625,44558.05078125,44200.0390625,44484.48828125,358.01171875
2025-07-18,^DJI,44571.6796875,44571.6796875,44224.58984375,44342.19140625,347.08984375
2025-07-21,^DJI,44368.3984375,44601.8515625,44311.421875,44323.0703125,290.4296875
2025-07-22,^DJI,44338.62109375,44542.53125,44272.6015625,44502.44140625,269.9296875
2025-07-23,^DJI,44661.12109375,45016.7109375,44638.44140625,45010.2890625,378.26953125
2025-07-24,^DJI,44776.41015625,44912.26953125,44674.5703125,44693.91015625,237.69921875
2025-07-25,^DJI,44757.28125,44944.4609375,44650.58984375,44901.921875,293.87109375
2025-07-28,^DJI,44946.98046875,44946.98046875,44739.9609375,44837.55859375,207.01953125
2025-07-29,^DJI,44833.73828125,44883.66015625,44568.828125,44632.98828125,314.83203125
2025-07-30,^DJI,44677.8984375,44739.53125,44261.7109375,44461.28125,477.8203125
2025-07-31,^DJI,44665.8203125,44665.8203125,44049.01171875,44130.98046875,616.80859375
2025-08-01,^DJI,43781.76953125,43781.76953125,43340.6796875,43588.578125,441.08984375
2025-08-04,^DJI,43724.01953125,44188.359375,43724.01953125,44173.640625,464.33984375
2025-08-05,^DJI,44200.0703125,44308.5,43923.80859375,44111.73828125,384.69140625
2025-08-06,^DJI,44196.609375,44290.08984375,44017.7109375,44193.12109375,272.37890625
2025-08-07,^DJI,44430.08984375,44498.4296875,43799.19921875,43968.640625,699.23046875
2025-08-08,^DJI,44044.94921875,44272.75,44028.94140625,44175.609375,243.80859375
2025-08-11,^DJI,44184.359375,44273.03125,43911.30859375,43975.08984375,361.72265625
2025-08-12,^DJI,44050.53125,44497.58984375,44050.53125,44458.609375,447.05859375
2025-08-13,^DJI,44571.53125,44949.12109375,44571.53125,44922.26953125,377.58984375
2025-08-14,^DJI,44890.83984375,44948.69921875,44690.5,44911.26171875,258.19921875
2025-08-15,^DJI,45159.91015625,45203.51953125,44897.98046875,44946.12109375,305.5390625
2025-08-18,^DJI,44963.171875,44998.828125,44868.3203125,44911.8203125,130.5078125
2025-08-19,^DJI,44952.359375,45207.390625,44816.5,44922.26953125,390.890625
2025-08-20,^DJI,44922.69921875,45033.75,44767.96875,44938.30859375,265.78125
2025-08-21,^DJI,44808.2109375,44892.609375,44579.03125,44785.5,313.578125
2025-08-22,^DJI,44952.87890625,45757.83984375,44952.87890625,45631.73828125,804.9609375
2025-08-25,^DJI,45605.25,45605.25,45273.08984375,45282.46875,332.16015625
2025-08-26,^DJI,45236.828125,45437.62109375,45192.2890625,45418.0703125,245.33203125
2025-08-27,^DJI,45417.4609375,45621.078125,45372.78125,45565.23046875,248.296875
2025-08-28,^DJI,45581.03125,45682.828125,45442.6796875,45636.8984375,240.1484375
2025-08-29,^DJI,45590.9609375,45616.16015625,45377.2109375,45544.87890625,238.94921875
2025-09-02,^DJI,45287.73046875,45295.80859375,44948.16015625,45295.80859375,347.6484375
2025-09-03,^DJI,45309.4296875,45309.4296875,44980.359375,45271.23046875,329.0703125
2025-09-04,^DJI,45204.87109375,45632.390625,45160.73828125,45621.2890625,471.65234375
2025-09-05,^DJI,45656.48828125,45770.19921875,45211.78125,45400.859375,558.41796875
2025-09-08,^DJI,45430.609375,45542.55859375,45277.73046875,45514.94921875,264.828125
2025-09-09,^DJI,45547.62109375,45764.19921875,45433.51171875,45711.33984375,330.6875
2025-09-10,^DJI,45731.5,45731.5,45380.05859375,45490.921875,351.44140625
2025-09-11,^DJI,45577.08984375,46137.19921875,45577.08984375,46108.0,560.109375
2025-09-12,^DJI,46077.140625,46077.140625,45813.9296875,45834.21875,263.2109375
2025-09-15,^DJI,45848.390625,45978.4296875,45771.87890625,45883.44921875,206.55078125
2025-09-16,^DJI,45919.5390625,45967.109375,45667.421875,45757.8984375,299.6875
2025-09-17,^DJI,45778.3984375,46261.94921875,45687.58984375,46018.3203125,574.359375
2025-09-18,^DJI,46056.55078125,46317.51953125,45954.73046875,46142.421875,362.7890625
2025-09-19,^DJI,46211.16015625,46396.46875,46105.01953125,46315.26953125,291.44921875
2025-09-22,^DJI,46206.69140625,46447.12890625,46035.828125,46381.5390625,411.30078125
2025-09-23,^DJI,46364.109375,46714.26953125,46217.578125,46292.78125,496.69140625
2025-09-24,^DJI,46368.94140625,46453.0703125,46096.390625,46121.28125,356.6796875
2025-09-25,^DJI,46097.4296875,46122.421875,45785.171875,45947.3203125,337.25
2025-09-26,^DJI,46101.44921875,46353.03125,46051.921875,46247.2890625,301.109375
2025-09-29,^DJI,46306.33984375,46387.05859375,46149.05078125,46316.0703125,238.0078125
2025-09-30,^DJI,46282.62890625,46425.30078125,46103.390625,46397.890625,321.91015625
2025-10-01,^DJI,46366.78125,46528.78125,46276.390625,46441.1015625,252.390625
2025-10-02,^DJI,46461.109375,46589.30859375,46283.5703125,46519.71875,305.73828125
2025-10-03,^DJI,46583.94921875,47049.640625,46566.87109375,46758.28125,482.76953125
2025-10-06,^DJI,46776.0390625,46846.44921875,46426.9609375,46694.96875,419.48828125
2025-10-07,^DJI,46700.8984375,46868.48828125,46448.01953125,46602.98046875,420.46875
2025-10-08,^DJI,46649.3203125,46816.28125,46498.390625,46601.78125,317.890625
2025-10-09,^DJI,46622.30859375,46684.41015625,46271.3984375,46358.421875,413.01171875
2025-10-10,^DJI,46394.87890625,46641.73828125,45470.71875,45479.6015625,1171.01953125
2025-10-13,^DJI,45698.4609375,46153.48828125,45698.4609375,46067.578125,455.02734375
2025-10-14,^DJI,45871.890625,46522.671875,45452.03125,46270.4609375,1070.640625
2025-10-15,^DJI,46375.171875,46693.33984375,46027.23046875,46253.30859375,666.109375
2025-10-16,^DJI,46289.08984375,46422.33984375,45781.1796875,45952.23828125,641.16015625
2025-10-17,^DJI,45862.3984375,46327.0703125,45862.37109375,46190.609375,464.69921875
2025-10-20,^DJI,46312.87890625,46759.26953125,46312.87890625,46706.578125,446.390625
2025-10-21,^DJI,46707.078125,47125.66015625,46688.25,46924.73828125,437.41015625
2025-10-22,^DJI,46941.55859375,46941.55859375,46461.51953125,46590.41015625,480.0390625
2025-10-23,^DJI,46519.12890625,46802.1484375,46490.05859375,46734.609375,312.08984375
2025-10-24,^DJI,46811.51171875,47326.73046875,46811.51171875,47207.12109375,515.21875
2025-10-27,^DJI,47412.80078125,47564.51953125,47375.9609375,47544.58984375,188.55859375
2025-10-28,^DJI,47752.3515625,47943.16015625,47675.69921875,47706.37109375,267.4609375
2025-10-29,^DJI,47746.7890625,48040.640625,47448.58984375,47632.0,592.05078125
2025-10-30,^DJI,47446.87890625,48014.921875,47381.91015625,47522.12109375,633.01171875
2025-10-31,^DJI,47659.9609375,47718.37890625,47347.28125,47562.87109375,371.09765625
2025-11-03,^DJI,47697.328125,47697.328125,47135.9609375,47336.6796875,561.3671875
2025-11-04,^DJI,47148.0390625,47274.8984375,46877.05859375,47085.23828125,397.83984375
2025-11-05,^DJI,47097.30859375,47460.359375,47041.30859375,47311.0,419.05078125
2025-11-06,^DJI,47255.12109375,47359.2890625,46787.44140625,46912.30078125,571.84765625
2025-11-07,^DJI,46797.03125,46996.7109375,46495.62109375,46987.1015625,501.08984375
2025-11-10,^DJI,47095.05859375,47412.890625,46934.3515625,47368.62890625,478.5390625
2025-11-11,^DJI,47384.51171875,47974.37109375,47384.51171875,47927.9609375,589.859375
2025-11-12,^DJI,48015.7890625,48431.5703125,48015.7890625,48254.8203125,415.78125
2025-11-13,^DJI,48173.921875,48233.25,47411.1015625,47457.21875,822.1484375
2025-11-14,^DJI,47222.37890625,47380.0703125,46863.05078125,47147.48046875,517.01953125
2025-11-17,^DJI,47068.05859375,47202.55859375,46430.26953125,46590.23828125,772.2890625
2025-11-18,^DJI,46382.921875,46382.921875,45913.6015625,46091.73828125,469.3203125
2025-11-19,^DJI,46138.6796875,46299.12890625,45905.19140625,46138.76953125,393.9375
2025-11-20,^DJI,46567.51171875,46856.75,45728.9296875,45752.26171875,1127.8203125
2025-11-21,^DJI,45808.6484375,46577.5,45781.578125,46245.41015625,795.921875
2025-11-24,^DJI,46351.9296875,46587.7109375,46108.01171875,46448.26953125,479.69921875
2025-11-25,^DJI,46482.359375,47182.8984375,46341.3515625,47112.44921875,841.546875
2025-11-26,^DJI,47196.1484375,47571.3984375,47196.1484375,47427.12109375,375.25
2025-11-28,^DJI,47482.25,47750.76953125,47475.609375,47716.421875,275.16015625
2025-12-01,^DJI,47580.8515625,47676.03125,47271.109375,47289.328125,404.921875
2025-12-02,^DJI,47416.91015625,47597.109375,47263.921875,47474.4609375,333.1875
2025-12-03,^DJI,47371.62109375,47969.640625,47371.62109375,47882.8984375,598.01953125
2025-12-04,^DJI,47888.16015625,48049.71875,47692.9609375,47850.94140625,356.7578125
2025-12-05,^DJI,47879.6015625,48133.5390625,47871.51171875,47954.98828125,262.02734375
2025-12-08,^DJI,47971.51171875,47971.51171875,47611.9296875,47739.3203125,359.58203125
2025-12-09,^DJI,47724.51953125,47957.7890625,47533.6015625,47560.2890625,424.1875
2025-12-10,^DJI,47573.9609375,48197.30078125,47462.94140625,48057.75,734.359375
2025-12-11,^DJI,48082.8984375,48756.33984375,48082.8984375,48704.01171875,673.44140625
2025-12-12,^DJI,48714.75,48886.859375,48334.1015625,48458.05078125,552.7578125
2025-12-15,^DJI,48594.359375,48679.140625,48283.26953125,48416.55859375,395.87109375
2025-12-16,^DJI,48380.171875,48452.171875,47946.25,48114.26171875,505.921875
2025-12-17,^DJI,48128.05078125,48387.328125,47856.7890625,47885.96875,530.5390625
2025-12-18,^DJI,48101.1796875,48365.9296875,47849.48046875,47951.8515625,516.44921875
2025-12-19,^DJI,47974.8203125,48289.62890625,47974.8203125,48134.890625,314.80859375
2025-12-22,^DJI,48211.87890625,48457.46875,48199.12890625,48362.6796875,258.33984375
2025-12-23,^DJI,48320.58984375,48527.5,48254.30859375,48442.41015625,273.19140625
2025-12-24,^DJI,48424.7109375,48771.3203125,48386.58984375,48731.16015625,384.73046875
2025-12-26,^DJI,48712.46875,48782.0,48589.0703125,48710.96875,192.9296875
2025-12-29,^DJI,48636.62890625,48704.828125,48390.91015625,48461.9296875,313.91796875
2025-12-30,^DJI,48434.87890625,48471.69921875,48297.26171875,48367.05859375,174.4375
2025-12-31,^DJI,48371.51953125,48394.51171875,48050.87890625,48063.2890625,343.6328125
2026-01-02,^DJI,48105.98046875,48404.05859375,47853.0390625,48382.390625,551.01953125
2026-01-05,^DJI,48475.80859375,49209.94921875,48449.62109375,48977.1796875,760.328125
2026-01-06,^DJI,48987.359375,49509.921875,48923.828125,49462.078125,586.09375
2026-01-07,^DJI,49512.71875,49621.4296875,48951.98828125,48996.078125,669.44140625
2026-01-08,^DJI,48850.171875,49357.73828125,48792.33984375,49266.109375,565.3984375
2026-01-09,^DJI,49234.80859375,49571.41015625,49197.05859375,49504.0703125,374.3515625
2026-01-12,^DJI,49499.671875,49633.3515625,49011.30859375,49590.19921875,622.04296875
2026-01-13,^DJI,49616.94921875,49616.94921875,49056.30859375,49191.98828125,560.640625
2026-01-14,^DJI,49088.25,49195.1015625,48851.98046875,49149.62890625,343.12109375
2026-01-15,^DJI,49201.1015625,49581.1796875,49201.1015625,49442.44140625,380.078125
2026-01-16,^DJI,49466.69921875,49616.69921875,49246.23828125,49359.328125,370.4609375
2026-01-20,^DJI,49005.01171875,49005.01171875,48428.12890625,48488.58984375,576.8828125
2026-01-21,^DJI,48546.03125,49295.03125,48546.03125,49077.23046875,749.0
2026-01-22,^DJI,49201.80859375,49607.2890625,49201.80859375,49384.01171875,405.48046875
2026-01-23,^DJI,49264.5390625,49265.4609375,48963.05078125,49098.7109375,302.41015625
2026-01-26,^DJI,49137.6484375,49488.80859375,49137.6484375,49412.3984375,351.16015625
2026-01-27,^DJI,49103.578125,49157.80078125,48862.51953125,49003.41015625,295.28125
2026-01-28,^DJI,49024.6796875,49150.33984375,48901.48828125,49015.6015625,248.8515625
2026-01-29,^DJI,48938.26953125,49292.80859375,48597.21875,49071.55859375,695.58984375
2026-01-30,^DJI,48991.62109375,49047.6796875,48459.87890625,48892.46875,587.80078125
2026-02-02,^DJI,48777.76953125,49484.94921875,48673.578125,49407.66015625,811.37109375
2026-02-03,^DJI,49358.58984375,49653.12890625,48832.78125,49240.98828125,820.34765625
2026-02-04,^DJI,49323.58984375,49649.859375,49112.4296875,49501.30078125,537.4296875
2026-02-05,^DJI,49313.0390625,49340.8984375,48829.1015625,48908.71875,511.796875
2026-02-06,^DJI,49032.19140625,50169.6484375,49032.19140625,50115.671875,1137.45703125
2026-02-09,^DJI,50047.7890625,50219.3984375,49837.44921875,50135.87109375,381.94921875
2026-02-10,^DJI,50193.48828125,50512.7890625,50115.03125,50188.140625,397.7578125
2026-02-11,^DJI,50243.1484375,50499.0390625,49901.609375,50121.3984375,597.4296875
2026-02-12,^DJI,50170.26953125,50447.01171875,49420.28125,49451.98046875,1026.73046875
2026-02-13,^DJI,49439.578125,49743.98046875,49084.3515625,49500.9296875,659.62890625
2026-02-17,^DJI,49525.37109375,49732.37109375,49169.83984375,49533.19140625,562.53125
2026-02-18,^DJI,49571.921875,49897.30859375,49469.05859375,49662.66015625,428.25
2026-02-19,^DJI,49576.21875,49606.171875,49197.53125,49395.16015625,408.640625
2026-02-20,^DJI,49323.0,49712.55859375,49158.28125,49625.96875,554.27734375
2026-02-23,^DJI,49536.5390625,49695.609375,48731.4609375,48804.05859375,964.1484375
2026-02-24,^DJI,48827.80078125,49295.2109375,48752.73828125,49174.5,542.47265625
2026-02-25,^DJI,49357.62890625,49517.359375,49206.87109375,49482.1484375,310.48828125
2026-02-26,^DJI,49544.578125,49815.21875,49237.37890625,49499.19921875,577.83984375
2026-02-27,^DJI,49253.5703125,49253.5703125,48678.78125,48977.921875,574.7890625
2026-03-02,^DJI,48794.421875,49064.671875,48377.9609375,48904.78125,686.7109375
2026-03-03,^DJI,48493.109375,48695.359375,47626.8515625,48501.26953125,1068.5078125
2026-03-04,^DJI,48589.76953125,48854.05078125,48354.37109375,48739.41015625,499.6796875
2026-03-05,^DJI,48526.73046875,48526.73046875,47577.109375,47954.73828125,949.62109375
2026-03-06,^DJI,47634.55078125,47634.55078125,47009.01171875,47501.55078125,625.5390625
2026-03-09,^DJI,47371.28125,47876.05859375,46615.51953125,47740.80078125,1260.5390625
2026-03-10,^DJI,47771.4296875,48220.5390625,47444.23046875,47706.51171875,776.30859375
2026-03-11,^DJI,47690.76171875,47711.26171875,47185.890625,47417.26953125,525.37109375
2026-03-12,^DJI,47242.51953125,47242.51953125,46662.23046875,46677.8515625,580.2890625
2026-03-13,^DJI,46689.23828125,47123.98828125,46494.62890625,46558.46875,629.359375
2026-03-16,^DJI,46707.3984375,47176.140625,46707.3984375,46946.41015625,468.7421875
2026-03-17,^DJI,47085.53125,47428.12109375,46975.51953125,46993.26171875,452.6015625
2026-03-18,^DJI,46913.9296875,46913.9296875,46193.05859375,46225.1484375,720.87109375
2026-03-19,^DJI,46134.87109375,46247.21875,45733.69921875,46021.4296875,513.51953125
2026-03-20,^DJI,45975.6484375,46068.30859375,45369.390625,45577.46875,698.91796875
2026-03-23,^DJI,45803.8203125,46712.328125,45803.8203125,46208.46875,908.5078125
2026-03-24,^DJI,46099.859375,46400.8203125,45769.69140625,46124.05859375,631.12890625
2026-03-25,^DJI,46314.23828125,46718.421875,46196.91015625,46429.48828125,521.51171875
2026-03-26,^DJI,46344.640625,46547.58984375,45910.75,45960.109375,636.83984375
2026-03-27,^DJI,45904.25,45904.25,45063.328125,45166.640625,840.921875
2026-03-30,^DJI,45283.05859375,45625.76171875,45057.28125,45216.140625,568.48046875
2026-03-31,^DJI,45541.76171875,46383.3984375,45480.30078125,46341.51171875,903.09765625
2026-04-01,^DJI,46396.12109375,46803.359375,46396.12109375,46565.73828125,407.23828125
2026-04-02,^DJI,46469.359375,46754.71875,45897.23828125,46504.671875,857.48046875
2026-04-06,^DJI,46472.19921875,46701.1015625,46354.94921875,46669.87890625,346.15234375
2026-04-07,^DJI,46744.76171875,46744.76171875,46214.76953125,46584.4609375,529.9921875
2026-04-08,^DJI,46978.171875,48017.08984375,46978.171875,47909.921875,1038.91796875
2026-04-09,^DJI,47840.62890625,48323.94921875,47690.26953125,48185.80078125,633.6796875
2026-04-10,^DJI,48199.390625,48235.05859375,47856.1796875,47916.5703125,378.87890625
2026-04-13,^DJI,47718.2109375,48221.37109375,47505.96875,48218.25,715.40234375
2026-04-14,^DJI,48272.03125,48592.2890625,48192.30078125,48535.98828125,399.98828125
2026-04-15,^DJI,48549.140625,48709.01171875,48281.62109375,48463.71875,427.390625
2026-04-16,^DJI,48557.8203125,48683.44921875,48337.37890625,48578.71875,346.0703125
2026-04-17,^DJI,48788.80859375,49717.98046875,48788.80859375,49447.4296875,929.171875
2026-04-20,^DJI,49422.37109375,49489.62890625,49245.6015625,49442.55859375,244.02734375
2026-04-21,^DJI,49688.37109375,49848.69140625,49046.5390625,49149.37890625,802.15234375
2026-04-22,^DJI,49271.5,49624.48046875,49271.5,49490.03125,352.98046875
2026-04-23,^DJI,49284.8515625,49522.94140625,48861.30859375,49310.3203125,661.6328125
2026-04-24,^DJI,49320.2890625,49393.33984375,49085.75,49230.7109375,307.58984375
2026-04-27,^DJI,49112.19921875,49353.69140625,49029.46875,49167.7890625,324.22265625
2026-04-28,^DJI,49276.80078125,49381.328125,49077.75,49141.9296875,303.578125
2026-04-29,^DJI,49163.78125,49163.78125,48708.5703125,48861.80859375,455.2109375
2025-01-02,^GSPC,5903.259765625,5935.08984375,5829.52978515625,5868.5498046875,105.56005859375
2025-01-03,^GSPC,5891.06982421875,5949.33984375,5888.66015625,5942.47021484375,60.6796875
2025-01-06,^GSPC,5982.81005859375,6021.0400390625,5960.009765625,5975.3798828125,61.0302734375
2025-01-07,^GSPC,5993.259765625,6000.68017578125,5890.68017578125,5909.02978515625,110.0
2025-01-08,^GSPC,5910.66015625,5927.89013671875,5874.77978515625,5918.25,53.1103515625
2025-01-10,^GSPC,5890.35009765625,5890.35009765625,5807.77978515625,5827.0400390625,82.5703125
2025-01-13,^GSPC,5782.02001953125,5838.60986328125,5773.31005859375,5836.22021484375,65.2998046875
2025-01-14,^GSPC,5859.27001953125,5871.919921875,5805.419921875,5842.91015625,66.5
2025-01-15,^GSPC,5905.2099609375,5960.60986328125,5905.2099609375,5949.91015625,55.39990234375
2025-01-16,^GSPC,5963.60986328125,5964.68994140625,5930.72021484375,5937.33984375,33.9697265625
2025-01-17,^GSPC,5995.39990234375,6014.9599609375,5978.43994140625,5996.66015625,36.52001953125
2025-01-21,^GSPC,6014.1201171875,6051.509765625,6006.8798828125,6049.240234375,44.6298828125
2025-01-22,^GSPC,6081.39013671875,6100.81005859375,6076.1298828125,6086.3701171875,24.68017578125
2025-01-23,^GSPC,6076.31982421875,6118.72998046875,6074.669921875,6118.7099609375,44.06005859375
2025-01-24,^GSPC,6121.43017578125,6128.18017578125,6088.740234375,6101.240234375,39.43994140625
2025-01-27,^GSPC,5969.0400390625,6017.169921875,5962.919921875,6012.27978515625,54.25
2025-01-28,^GSPC,6026.97021484375,6074.5400390625,5994.6298828125,6067.7001953125,79.91015625
2025-01-29,^GSPC,6057.7001953125,6062.830078125,6012.9599609375,6039.31005859375,49.8701171875
2025-01-30,^GSPC,6050.75,6086.64013671875,6027.4599609375,6071.169921875,59.18017578125
2025-01-31,^GSPC,6096.7900390625,6120.91015625,6030.93017578125,6040.52978515625,89.97998046875
2025-02-03,^GSPC,5969.64990234375,6022.1298828125,5923.93017578125,5994.56982421875,98.19970703125
2025-02-04,^GSPC,5998.14013671875,6042.47998046875,5990.8701171875,6037.8798828125,51.60986328125
2025-02-05,^GSPC,6020.4501953125,6062.85986328125,6007.06005859375,6061.47998046875,55.7998046875
2025-02-06,^GSPC,6072.22021484375,6084.02978515625,6046.830078125,6083.56982421875,37.19970703125
2025-02-07,^GSPC,6083.1298828125,6101.27978515625,6019.9599609375,6025.990234375,81.31982421875
2025-02-10,^GSPC,6046.39990234375,6073.3798828125,6044.83984375,6066.43994140625,28.5400390625
2025-02-11,^GSPC,6049.31982421875,6076.27978515625,6042.33984375,6068.5,33.93994140625
2025-02-12,^GSPC,6025.080078125,6063.0,6003.0,6051.97021484375,60.0
2025-02-13,^GSPC,6060.58984375,6116.91015625,6050.9501953125,6115.06982421875,65.9599609375
2025-02-14,^GSPC,6115.52001953125,6127.47021484375,6107.6201171875,6114.6298828125,19.85009765625
2025-02-18,^GSPC,6121.60009765625,6129.6298828125,6099.509765625,6129.580078125,30.1201171875
2025-02-19,^GSPC,6117.759765625,6147.43017578125,6111.14990234375,6144.14990234375,36.2802734375
2025-02-20,^GSPC,6134.5,6134.5,6084.58984375,6117.52001953125,49.91015625
2025-02-21,^GSPC,6114.10009765625,6114.81982421875,6008.56005859375,6013.1298828125,106.259765625
2025-02-24,^GSPC,6026.68994140625,6043.64990234375,5977.830078125,5983.25,65.81982421875
2025-02-25,^GSPC,5982.72998046875,5992.64990234375,5908.490234375,5955.25,84.15966796875
2025-02-26,^GSPC,5970.8701171875,6009.81982421875,5932.68994140625,5956.06005859375,77.1298828125
2025-02-27,^GSPC,5981.8798828125,5993.68994140625,5858.77978515625,5861.56982421875,134.91015625
2025-02-28,^GSPC,5856.740234375,5959.39990234375,5837.66015625,5954.5,121.73974609375
2025-03-03,^GSPC,5968.330078125,5986.08984375,5810.91015625,5849.72021484375,175.1796875
2025-03-04,^GSPC,5811.97998046875,5865.080078125,5732.58984375,5778.14990234375,132.490234375
2025-03-05,^GSPC,5781.35986328125,5860.58984375,5742.35009765625,5842.6298828125,118.23974609375
2025-03-06,^GSPC,5785.8701171875,5812.080078125,5711.64013671875,5738.52001953125,100.43994140625
2025-03-07,^GSPC,5726.009765625,5783.009765625,5666.2900390625,5770.2001953125,116.7197265625
2025-03-10,^GSPC,5705.3701171875,5705.3701171875,5564.02001953125,5614.56005859375,141.35009765625
2025-03-11,^GSPC,5603.64990234375,5636.2998046875,5528.41015625,5572.06982421875,107.8896484375
2025-03-12,^GSPC,5624.83984375,5642.18994140625,5546.08984375,5599.2998046875,96.10009765625
2025-03-13,^GSPC,5594.4501953125,5597.77978515625,5504.64990234375,5521.52001953125,93.1298828125
2025-03-14,^GSPC,5563.85009765625,5645.27001953125,5563.85009765625,5638.93994140625,81.419921875
2025-03-17,^GSPC,5635.60009765625,5703.52001953125,5631.1201171875,5675.1201171875,72.39990234375
2025-03-18,^GSPC,5654.52978515625,5654.52978515625,5597.759765625,5614.66015625,56.77001953125
2025-03-19,^GSPC,5632.3701171875,5715.330078125,5622.2001953125,5675.2900390625,93.1298828125
2025-03-20,^GSPC,5646.919921875,5711.14990234375,5632.330078125,5662.89013671875,78.81982421875
2025-03-21,^GSPC,5630.72998046875,5670.83984375,5603.10009765625,5667.56005859375,67.73974609375
2025-03-24,^GSPC,5718.080078125,5775.14013671875,5718.080078125,5767.56982421875,57.06005859375
2025-03-25,^GSPC,5775.9599609375,5786.9501953125,5760.419921875,5776.64990234375,26.5302734375
2025-03-26,^GSPC,5771.66015625,5783.6201171875,5694.41015625,5712.2001953125,89.2099609375
2025-03-27,^GSPC,5695.64013671875,5732.27978515625,5670.93994140625,5693.31005859375,61.33984375
2025-03-28,^GSPC,5679.2001953125,5685.89013671875,5572.419921875,5580.93994140625,113.47021484375
2025-03-31,^GSPC,5527.91015625,5627.56005859375,5488.72998046875,5611.85009765625,138.830078125
2025-04-01,^GSPC,5597.52978515625,5650.56982421875,5558.52001953125,5633.06982421875,92.0498046875
2025-04-02,^GSPC,5580.759765625,5695.31005859375,5571.47998046875,5670.97021484375,123.830078125
2025-04-03,^GSPC,5492.740234375,5499.52978515625,5390.830078125,5396.52001953125,108.69970703125
2025-04-04,^GSPC,5292.14013671875,5292.14013671875,5069.89990234375,5074.080078125,222.240234375
2025-04-07,^GSPC,4953.7900390625,5246.56982421875,4835.0400390625,5062.25,411.52978515625
2025-04-08,^GSPC,5193.56982421875,5267.47021484375,4910.419921875,4982.77001953125,357.05029296875
2025-04-09,^GSPC,4965.27978515625,5481.33984375,4948.43017578125,5456.89990234375,532.90966796875
2025-04-10,^GSPC,5353.14990234375,5353.14990234375,5115.27001953125,5268.0498046875,237.8798828125
2025-04-11,^GSPC,5255.56005859375,5381.4599609375,5220.77001953125,5363.35986328125,160.68994140625
2025-04-14,^GSPC,5441.9599609375,5459.4599609375,5358.02001953125,5405.97021484375,101.43994140625
2025-04-15,^GSPC,5411.990234375,5450.41015625,5386.43994140625,5396.6298828125,63.97021484375
2025-04-16,^GSPC,5335.75,5367.240234375,5220.7900390625,5275.7001953125,146.4501953125
2025-04-17,^GSPC,5305.4501953125,5328.31005859375,5255.580078125,5282.7001953125,72.72998046875
2025-04-21,^GSPC,5232.93994140625,5232.93994140625,5101.6298828125,5158.2001953125,131.31005859375
2025-04-22,^GSPC,5207.669921875,5309.60986328125,5207.669921875,5287.759765625,101.93994140625
2025-04-23,^GSPC,5395.919921875,5469.68994140625,5356.169921875,5375.85986328125,113.52001953125
2025-04-24,^GSPC,5381.3798828125,5489.39990234375,5371.9599609375,5484.77001953125,117.43994140625
2025-04-25,^GSPC,5489.72998046875,5528.10986328125,5455.85986328125,5525.2099609375,72.25
2025-04-28,^GSPC,5529.22021484375,5553.66015625,5468.64013671875,5528.75,85.02001953125
2025-04-29,^GSPC,5508.8701171875,5571.9501953125,5505.7001953125,5560.830078125,66.25
2025-04-30,^GSPC,5499.43994140625,5581.83984375,5433.240234375,5569.06005859375,148.599609375
2025-05-01,^GSPC,5625.14013671875,5658.91015625,5597.35009765625,5604.14013671875,61.56005859375
2025-05-02,^GSPC,5645.8798828125,5700.7001953125,5642.27978515625,5686.669921875,58.42041015625
2025-05-05,^GSPC,5655.31982421875,5683.3798828125,5634.47998046875,5650.3798828125,48.89990234375
2025-05-06,^GSPC,5605.8701171875,5649.580078125,5586.0400390625,5606.91015625,63.5400390625
2025-05-07,^GSPC,5614.18017578125,5654.72998046875,5578.64013671875,5631.27978515625,76.08984375
2025-05-08,^GSPC,5663.60009765625,5720.10009765625,5635.3798828125,5663.93994140625,84.72021484375
2025-05-09,^GSPC,5679.64990234375,5691.68994140625,5644.14990234375,5659.91015625,47.5400390625
2025-05-12,^GSPC,5807.2001953125,5845.3701171875,5786.080078125,5844.18994140625,59.2900390625
2025-05-13,^GSPC,5854.14990234375,5906.64013671875,5845.02001953125,5886.5498046875,61.6201171875
2025-05-14,^GSPC,5896.740234375,5906.5498046875,5872.10986328125,5892.580078125,34.43994140625
2025-05-15,^GSPC,5869.81982421875,5924.2099609375,5865.16015625,5916.93017578125,59.0498046875
2025-05-16,^GSPC,5929.08984375,5958.6201171875,5907.35986328125,5958.3798828125,51.26025390625
2025-05-19,^GSPC,5902.8798828125,5968.60986328125,5895.68994140625,5963.60009765625,72.919921875
2025-05-20,^GSPC,5944.66015625,5953.06005859375,5909.259765625,5940.4599609375,43.80029296875
2025-05-21,^GSPC,5910.18017578125,5938.3701171875,5830.91015625,5844.60986328125,107.4599609375
2025-05-22,^GSPC,5841.259765625,5878.080078125,5825.81982421875,5842.009765625,52.26025390625
2025-05-23,^GSPC,5781.89013671875,5829.509765625,5767.41015625,5802.81982421875,62.099609375
2025-05-27,^GSPC,5854.06982421875,5924.330078125,5854.06982421875,5921.5400390625,70.26025390625
2025-05-28,^GSPC,5925.5400390625,5939.919921875,5881.8798828125,5888.5498046875,58.0400390625
2025-05-29,^GSPC,5939.9599609375,5943.1298828125,5873.7998046875,5912.169921875,69.330078125
2025-05-30,^GSPC,5903.669921875,5922.14013671875,5843.66015625,5911.68994140625,78.47998046875
2025-06-02,^GSPC,5896.68017578125,5937.39990234375,5861.43017578125,5935.93994140625,75.9697265625
2025-06-03,^GSPC,5938.56005859375,5981.35009765625,5929.0,5970.3701171875,52.35009765625
2025-06-04,^GSPC,5978.93994140625,5990.47998046875,5966.10986328125,5970.81005859375,24.3701171875
2025-06-05,^GSPC,5985.669921875,5999.7001953125,5921.2001953125,5939.2998046875,78.5
2025-06-06,^GSPC,5987.06005859375,6016.8701171875,5978.6298828125,6000.35986328125,38.240234375
2025-06-09,^GSPC,6004.6298828125,6021.31005859375,5994.18017578125,6005.8798828125,27.1298828125
2025-06-10,^GSPC,6009.91015625,6043.009765625,6000.27978515625,6038.81005859375,42.72998046875
2025-06-11,^GSPC,6049.3798828125,6059.39990234375,6002.31982421875,6022.240234375,57.080078125
2025-06-12,^GSPC,6009.89990234375,6045.43017578125,6003.8798828125,6045.259765625,41.55029296875
2025-06-13,^GSPC,6000.56005859375,6026.16015625,5963.2099609375,5976.97021484375,62.9501953125
2025-06-16,^GSPC,6004.0,6050.830078125,6004.0,6033.10986328125,46.830078125
2025-06-17,^GSPC,6012.14990234375,6023.25,5974.7998046875,5982.72021484375,48.4501953125
2025-06-18,^GSPC,5987.93017578125,6018.25,5971.89013671875,5980.8701171875,46.35986328125
2025-06-20,^GSPC,5999.669921875,6018.2001953125,5952.56005859375,5967.83984375,65.64013671875
2025-06-23,^GSPC,5969.669921875,6028.77001953125,5943.22998046875,6025.169921875,85.5400390625
2025-06-24,^GSPC,6061.2099609375,6101.759765625,6059.25,6092.18017578125,42.509765625
2025-06-25,^GSPC,6104.22998046875,6108.509765625,6080.08984375,6092.16015625,28.419921875
2025-06-26,^GSPC,6112.08984375,6146.52001953125,6107.27001953125,6141.02001953125,39.25
2025-06-27,^GSPC,6150.7001953125,6187.68017578125,6132.35009765625,6173.06982421875,55.330078125
2025-06-30,^GSPC,6193.35986328125,6215.080078125,6174.97021484375,6204.9501953125,40.10986328125
2025-07-01,^GSPC,6187.25,6210.77978515625,6177.97021484375,6198.009765625,32.8095703125
2025-07-02,^GSPC,6193.8798828125,6227.60009765625,6188.2900390625,6227.419921875,39.31005859375
2025-07-03,^GSPC,6246.4599609375,6284.64990234375,6246.4599609375,6279.35009765625,38.18994140625
2025-07-07,^GSPC,6259.0400390625,6262.06982421875,6201.0,6229.97998046875,61.06982421875
2025-07-08,^GSPC,6234.02978515625,6242.7001953125,6217.75,6225.52001953125,24.9501953125
2025-07-09,^GSPC,6243.330078125,6269.16015625,6231.43017578125,6263.259765625,37.72998046875
2025-07-10,^GSPC,6266.7998046875,6290.22021484375,6251.43994140625,6280.4599609375,38.7802734375
2025-07-11,^GSPC,6255.68017578125,6269.43994140625,6237.60009765625,6259.75,31.83984375
2025-07-14,^GSPC,6255.14990234375,6273.31005859375,6239.22021484375,6268.56005859375,34.08984375
2025-07-15,^GSPC,6295.2900390625,6302.0400390625,6241.68017578125,6243.759765625,60.35986328125
2025-07-16,^GSPC,6254.5,6268.1201171875,6201.58984375,6263.7001953125,66.5302734375
2025-07-17,^GSPC,6263.39990234375,6304.68994140625,6262.27001953125,6297.35986328125,42.419921875
2025-07-18,^GSPC,6312.9501953125,6315.60986328125,6285.27001953125,6296.7900390625,30.33984375
2025-07-21,^GSPC,6304.740234375,6336.080078125,6303.7900390625,6305.60009765625,32.2900390625
2025-07-22,^GSPC,6306.60009765625,6316.1201171875,6281.7099609375,6309.6201171875,34.41015625
2025-07-23,^GSPC,6326.89990234375,6360.64013671875,6317.490234375,6358.91015625,43.14990234375
2025-07-24,^GSPC,6368.60009765625,6381.31005859375,6360.56982421875,6363.35009765625,20.740234375
2025-07-25,^GSPC,6370.009765625,6395.81982421875,6368.52978515625,6388.64013671875,27.2900390625
2025-07-28,^GSPC,6397.68994140625,6401.06982421875,6375.7900390625,6389.77001953125,25.27978515625
2025-07-29,^GSPC,6405.6201171875,6409.259765625,6363.919921875,6370.85986328125,45.33984375
2025-07-30,^GSPC,6381.22998046875,6396.5400390625,6336.3798828125,6362.89990234375,60.16015625
2025-07-31,^GSPC,6427.02001953125,6427.02001953125,6327.64013671875,6339.39013671875,99.3798828125
2025-08-01,^GSPC,6287.27978515625,6287.27978515625,6212.68994140625,6238.009765625,74.58984375
2025-08-04,^GSPC,6271.7099609375,6330.68994140625,6271.7099609375,6329.93994140625,58.97998046875
2025-08-05,^GSPC,6336.6298828125,6346.0,6289.3701171875,6299.18994140625,56.6298828125
2025-08-06,^GSPC,6309.2998046875,6352.830078125,6301.10986328125,6345.06005859375,51.72021484375
2025-08-07,^GSPC,6374.31982421875,6389.7099609375,6310.31982421875,6340.0,79.39013671875
2025-08-08,^GSPC,6355.22021484375,6395.16015625,6355.22021484375,6389.4501953125,39.93994140625
2025-08-11,^GSPC,6389.669921875,6407.25,6364.06005859375,6373.4501953125,43.18994140625
2025-08-12,^GSPC,6395.169921875,6446.5498046875,6385.759765625,6445.759765625,60.7900390625
2025-08-13,^GSPC,6462.669921875,6480.27978515625,6445.02001953125,6466.580078125,35.259765625
2025-08-14,^GSPC,6453.4599609375,6473.919921875,6441.06982421875,6468.5400390625,32.85009765625
2025-08-15,^GSPC,6477.3798828125,6481.33984375,6441.85009765625,6449.7998046875,39.48974609375
2025-08-18,^GSPC,6445.02001953125,6455.35009765625,6437.7001953125,6449.14990234375,17.64990234375
2025-08-19,^GSPC,6446.240234375,6456.47998046875,6400.22021484375,6411.3701171875,56.259765625
2025-08-20,^GSPC,6406.6201171875,6408.39990234375,6343.85986328125,6395.77978515625,64.5400390625
2025-08-21,^GSPC,6380.830078125,6393.64990234375,6352.7099609375,6370.169921875,40.93994140625
2025-08-22,^GSPC,6384.58984375,6478.89013671875,6384.58984375,6466.91015625,94.30029296875
2025-08-25,^GSPC,6457.669921875,6466.89013671875,6438.06005859375,6439.31982421875,28.830078125
2025-08-26,^GSPC,6435.490234375,6468.3701171875,6429.2099609375,6465.93994140625,39.16015625
2025-08-27,^GSPC,6462.259765625,6487.06005859375,6457.83984375,6481.39990234375,29.22021484375
2025-08-28,^GSPC,6483.83984375,6508.22998046875,6466.9599609375,6501.85986328125,41.27001953125
2025-08-29,^GSPC,6489.27978515625,6491.759765625,6444.56982421875,6460.259765625,47.18994140625
2025-09-02,^GSPC,6401.509765625,6416.5400390625,6360.580078125,6415.5400390625,55.9599609375
2025-09-03,^GSPC,6445.81982421875,6453.669921875,6416.169921875,6448.259765625,37.5
2025-09-04,^GSPC,6456.60009765625,6502.5400390625,6445.97998046875,6502.080078125,56.56005859375
2025-09-05,^GSPC,6529.080078125,6532.64990234375,6443.97998046875,6481.5,88.669921875
2025-09-08,^GSPC,6498.08984375,6508.669921875,6483.2900390625,6495.14990234375,25.3798828125
2025-09-09,^GSPC,6503.330078125,6518.22998046875,6483.080078125,6512.60986328125,35.14990234375
2025-09-10,^GSPC,6550.2900390625,6555.97021484375,6516.33984375,6532.0400390625,39.63037109375
2025-09-11,^GSPC,6554.41015625,6592.89013671875,6545.7998046875,6587.47021484375,47.09033203125
2025-09-12,^GSPC,6590.66015625,6600.2099609375,6579.490234375,6584.2900390625,20.7197265625
2025-09-15,^GSPC,6603.490234375,6619.6201171875,6602.06982421875,6615.27978515625,17.55029296875
2025-09-16,^GSPC,6624.1298828125,6626.990234375,6600.10986328125,6606.759765625,26.88037109375
2025-09-17,^GSPC,6604.8701171875,6624.39013671875,6551.14990234375,6600.35009765625,73.240234375
2025-09-18,^GSPC,6626.85009765625,6656.7998046875,6611.89013671875,6631.9599609375,44.90966796875
2025-09-19,^GSPC,6647.10986328125,6671.81982421875,6630.31005859375,6664.35986328125,41.509765625
2025-09-22,^GSPC,6654.27978515625,6698.8798828125,6648.06982421875,6693.75,50.81005859375
2025-09-23,^GSPC,6692.43994140625,6699.52001953125,6645.580078125,6656.919921875,53.93994140625
2025-09-24,^GSPC,6669.7900390625,6672.66015625,6621.759765625,6637.97021484375,50.900390625
2025-09-25,^GSPC,6608.18994140625,6619.0,6569.22021484375,6604.72021484375,49.77978515625
2025-09-26,^GSPC,6615.3798828125,6648.97021484375,6604.43017578125,6643.7001953125,44.5400390625
2025-09-29,^GSPC,6661.580078125,6677.31005859375,6644.490234375,6661.2099609375,32.81982421875
2025-09-30,^GSPC,6656.18994140625,6691.25,6641.0,6688.4599609375,50.25
2025-10-01,^GSPC,6664.919921875,6718.47998046875,6656.2001953125,6711.2001953125,62.27978515625
2025-10-02,^GSPC,6731.31005859375,6731.93994140625,6693.22998046875,6715.35009765625,38.7099609375
2025-10-03,^GSPC,6722.14013671875,6750.8701171875,6705.669921875,6715.7900390625,45.2001953125
2025-10-06,^GSPC,6733.85986328125,6749.52001953125,6717.77978515625,6740.27978515625,31.740234375
2025-10-07,^GSPC,6746.14013671875,6754.490234375,6699.9599609375,6714.58984375,54.5302734375
2025-10-08,^GSPC,6723.8701171875,6755.64013671875,6718.08984375,6753.72021484375,37.55029296875
2025-10-09,^GSPC,6760.5,6764.580078125,6716.169921875,6735.10986328125,48.41015625
2025-10-10,^GSPC,6740.490234375,6762.39990234375,6550.77978515625,6552.509765625,211.6201171875
2025-10-13,^GSPC,6622.52978515625,6668.68017578125,6620.7099609375,6654.72021484375,47.97021484375
2025-10-14,^GSPC,6602.490234375,6680.7001953125,6555.06982421875,6644.31005859375,125.63037109375
2025-10-15,^GSPC,6688.27001953125,6724.1201171875,6612.10986328125,6671.06005859375,112.01025390625
2025-10-16,^GSPC,6689.02001953125,6709.33984375,6593.990234375,6629.06982421875,115.349609375
2025-10-17,^GSPC,6613.27001953125,6678.8798828125,6603.759765625,6664.009765625,75.1201171875
2025-10-20,^GSPC,6690.0498046875,6744.35009765625,6690.0498046875,6735.1298828125,54.30029296875
2025-10-21,^GSPC,6736.75,6752.16015625,6722.02978515625,6735.35009765625,30.13037109375
2025-10-22,^GSPC,6741.33984375,6741.75,6655.68994140625,6699.39990234375,86.06005859375
2025-10-23,^GSPC,6703.64990234375,6749.52978515625,6700.14013671875,6738.43994140625,49.3896484375
2025-10-24,^GSPC,6772.06982421875,6807.10986328125,6772.06982421875,6791.68994140625,35.0400390625
2025-10-27,^GSPC,6845.4599609375,6877.27978515625,6843.93994140625,6875.16015625,33.33984375
2025-10-28,^GSPC,6897.740234375,6911.2998046875,6870.72998046875,6890.89013671875,40.56982421875
2025-10-29,^GSPC,6910.9501953125,6920.33984375,6851.91015625,6890.58984375,68.4296875
2025-10-30,^GSPC,6860.5,6880.75,6820.68994140625,6822.33984375,60.06005859375
2025-10-31,^GSPC,6879.169921875,6879.169921875,6814.259765625,6840.2001953125,64.91015625
2025-11-03,^GSPC,6882.31982421875,6882.31982421875,6820.6201171875,6851.97021484375,61.69970703125
2025-11-04,^GSPC,6788.52001953125,6820.2099609375,6766.7099609375,6771.5498046875,53.5
2025-11-05,^GSPC,6769.77001953125,6829.77978515625,6763.10986328125,6796.2900390625,66.669921875
2025-11-06,^GSPC,6787.58984375,6796.68017578125,6707.509765625,6720.31982421875,89.17041015625
2025-11-07,^GSPC,6696.18017578125,6730.10986328125,6631.43994140625,6728.7998046875,98.669921875
2025-11-10,^GSPC,6785.35986328125,6841.31982421875,6770.56005859375,6832.43017578125,70.759765625
2025-11-11,^GSPC,6815.64013671875,6855.1298828125,6806.8701171875,6846.60986328125,48.259765625
2025-11-12,^GSPC,6867.77001953125,6869.91015625,6829.6201171875,6850.919921875,40.2900390625
2025-11-13,^GSPC,6826.47021484375,6828.0498046875,6724.72021484375,6737.490234375,103.32958984375
2025-11-14,^GSPC,6672.14013671875,6774.31005859375,6646.8701171875,6734.10986328125,127.43994140625
2025-11-17,^GSPC,6713.60986328125,6754.5,6638.89990234375,6672.41015625,115.60009765625
2025-11-18,^GSPC,6641.18994140625,6666.6298828125,6574.31982421875,6617.31982421875,92.31005859375
2025-11-19,^GSPC,6625.83984375,6689.75,6603.5,6642.16015625,86.25
2025-11-20,^GSPC,6737.93017578125,6770.35009765625,6534.0498046875,6538.759765625,236.30029296875
2025-11-21,^GSPC,6555.77001953125,6660.0498046875,6521.919921875,6602.990234375,138.1298828125
2025-11-24,^GSPC,6636.5400390625,6715.75,6630.7001953125,6705.1201171875,85.0498046875
2025-11-25,^GSPC,6697.02978515625,6776.39990234375,6659.97998046875,6765.8798828125,116.419921875
2025-11-26,^GSPC,6793.5498046875,6831.43994140625,6783.8701171875,6812.60986328125,47.56982421875
2025-11-28,^GSPC,6822.52001953125,6850.85986328125,6819.75,6849.08984375,31.10986328125
2025-12-01,^GSPC,6812.2998046875,6843.64990234375,6799.93994140625,6812.6298828125,43.7099609375
2025-12-02,^GSPC,6830.9599609375,6851.5498046875,6806.7099609375,6829.3701171875,44.83984375
2025-12-03,^GSPC,6815.2900390625,6862.419921875,6810.43017578125,6849.72021484375,51.98974609375
2025-12-04,^GSPC,6866.47021484375,6866.47021484375,6827.1201171875,6857.1201171875,39.35009765625
2025-12-05,^GSPC,6866.31982421875,6895.77978515625,6858.2900390625,6870.39990234375,37.48974609375
2025-12-08,^GSPC,6875.2001953125,6878.27001953125,6827.18994140625,6846.509765625,51.080078125
2025-12-09,^GSPC,6840.60986328125,6864.919921875,6837.43017578125,6840.509765625,27.48974609375
2025-12-10,^GSPC,6833.490234375,6900.669921875,6824.68994140625,6886.68017578125,75.97998046875
2025-12-11,^GSPC,6861.2998046875,6903.4599609375,6833.4501953125,6901.0,70.009765625
2025-12-12,^GSPC,6886.85009765625,6899.85009765625,6801.7900390625,6827.41015625,98.06005859375
2025-12-15,^GSPC,6860.18994140625,6861.58984375,6801.490234375,6816.509765625,60.099609375
2025-12-16,^GSPC,6800.1201171875,6819.27001953125,6759.740234375,6800.259765625,59.52978515625
2025-12-17,^GSPC,6802.8798828125,6812.259765625,6720.43017578125,6721.43017578125,91.82958984375
2025-12-18,^GSPC,6778.06005859375,6816.1298828125,6758.5,6774.759765625,57.6298828125
2025-12-19,^GSPC,6792.6201171875,6840.02001953125,6792.6201171875,6834.5,47.39990234375
2025-12-22,^GSPC,6865.2099609375,6882.02978515625,6855.740234375,6878.490234375,26.28955078125
2025-12-23,^GSPC,6872.41015625,6910.8798828125,6868.81005859375,6909.7900390625,42.06982421875
2025-12-24,^GSPC,6904.91015625,6937.31982421875,6904.91015625,6932.0498046875,32.40966796875
2025-12-26,^GSPC,6936.02001953125,6945.77001953125,6921.60009765625,6929.93994140625,24.169921875
2025-12-29,^GSPC,6903.60009765625,6920.2099609375,6888.759765625,6905.740234375,31.4501953125
2025-12-30,^GSPC,6900.43994140625,6913.25,6893.47021484375,6896.240234375,19.77978515625
2025-12-31,^GSPC,6898.81982421875,6901.419921875,6844.5498046875,6845.5,56.8701171875
2026-01-02,^GSPC,6878.10986328125,6894.8701171875,6824.31005859375,6858.47021484375,70.56005859375
2026-01-05,^GSPC,6892.18994140625,6920.3798828125,6891.56005859375,6902.0498046875,28.81982421875
2026-01-06,^GSPC,6908.02978515625,6948.68994140625,6904.02001953125,6944.81982421875,44.669921875
2026-01-07,^GSPC,6945.06982421875,6965.68994140625,6919.18994140625,6920.93017578125,46.5
2026-01-08,^GSPC,6914.10986328125,6931.27978515625,6899.330078125,6921.4599609375,31.94970703125
2026-01-09,^GSPC,6927.830078125,6978.35986328125,6917.64013671875,6966.27978515625,60.7197265625
2026-01-12,^GSPC,6944.1201171875,6986.330078125,6934.06982421875,6977.27001953125,52.26025390625
2026-01-13,^GSPC,6977.41015625,6985.830078125,6938.77001953125,6963.740234375,47.06005859375
2026-01-14,^GSPC,6937.41015625,6941.2998046875,6885.740234375,6926.60009765625,55.5595703125
2026-01-15,^GSPC,6969.4599609375,6979.33984375,6937.93017578125,6944.47021484375,41.40966796875
2026-01-16,^GSPC,6960.5400390625,6967.2998046875,6925.08984375,6940.009765625,42.2099609375
2026-01-20,^GSPC,6865.240234375,6871.169921875,6789.0498046875,6796.85986328125,82.1201171875
2026-01-21,^GSPC,6810.7099609375,6910.39013671875,6804.9599609375,6875.6201171875,105.43017578125
2026-01-22,^GSPC,6914.43994140625,6934.75,6893.6201171875,6913.35009765625,41.1298828125
2026-01-23,^GSPC,6907.85009765625,6932.9599609375,6895.5,6915.60986328125,37.4599609375
2026-01-26,^GSPC,6923.22998046875,6964.66015625,6921.60009765625,6950.22998046875,43.06005859375
2026-01-27,^GSPC,6965.9599609375,6988.81982421875,6958.830078125,6978.60009765625,29.98974609375
2026-01-28,^GSPC,7002.0,7002.27978515625,6963.4599609375,6978.02978515625,38.81982421875
2026-01-29,^GSPC,6977.740234375,6992.83984375,6870.7998046875,6969.009765625,122.0400390625
2026-01-30,^GSPC,6947.27001953125,6964.08984375,6893.47998046875,6939.02978515625,70.60986328125
2026-02-02,^GSPC,6916.64013671875,6991.919921875,6914.33984375,6976.43994140625,77.580078125
2026-02-03,^GSPC,6985.4501953125,6993.080078125,6862.0498046875,6917.81005859375,131.0302734375
2026-02-04,^GSPC,6924.5,6936.08984375,6838.7998046875,6882.72021484375,97.2900390625
2026-02-05,^GSPC,6837.39013671875,6857.85009765625,6780.1298828125,6798.39990234375,77.72021484375
2026-02-06,^GSPC,6816.740234375,6944.89013671875,6816.740234375,6932.2998046875,128.14990234375
2026-02-09,^GSPC,6917.259765625,6980.10009765625,6905.8701171875,6964.81982421875,74.22998046875
2026-02-10,^GSPC,6974.490234375,6986.830078125,6937.52978515625,6941.81005859375,49.30029296875
2026-02-11,^GSPC,6976.47998046875,6993.47998046875,6911.97021484375,6941.47021484375,81.509765625
2026-02-12,^GSPC,6957.5400390625,6973.22021484375,6824.0400390625,6832.759765625,149.18017578125
2026-02-13,^GSPC,6834.27001953125,6881.9599609375,6794.5498046875,6836.169921875,87.41015625
2026-02-17,^GSPC,6819.85986328125,6866.990234375,6775.5,6843.22021484375,91.490234375
2026-02-18,^GSPC,6855.47998046875,6909.1201171875,6849.66015625,6881.31005859375,59.4599609375
2026-02-19,^GSPC,6861.33984375,6879.1201171875,6833.06005859375,6861.89013671875,46.06005859375
2026-02-20,^GSPC,6843.259765625,6915.85986328125,6836.330078125,6909.509765625,79.52978515625
2026-02-23,^GSPC,6901.25,6916.9599609375,6819.81982421875,6837.75,97.14013671875
2026-02-24,^GSPC,6837.3701171875,6899.169921875,6815.43017578125,6890.06982421875,83.73974609375
2026-02-25,^GSPC,6915.14990234375,6952.509765625,6915.14990234375,6946.1298828125,37.35986328125
2026-02-26,^GSPC,6944.740234375,6947.25,6859.72998046875,6908.85986328125,87.52001953125
2026-02-27,^GSPC,6856.5400390625,6882.9599609375,6831.740234375,6878.8798828125,51.2197265625
2026-03-02,^GSPC,6824.35986328125,6901.009765625,6796.85009765625,6881.6201171875,104.15966796875
2026-03-03,^GSPC,6800.259765625,6840.0498046875,6710.419921875,6816.6298828125,129.6298828125
2026-03-04,^GSPC,6831.68994140625,6885.93994140625,6811.64013671875,6869.5,74.2998046875
2026-03-05,^GSPC,6851.080078125,6870.43017578125,6770.77978515625,6830.7099609375,99.650390625
2026-03-06,^GSPC,6769.02978515625,6773.419921875,6711.56005859375,6740.02001953125,61.85986328125
2026-03-09,^GSPC,6699.7998046875,6810.43994140625,6636.0400390625,6795.990234375,174.39990234375
2026-03-10,^GSPC,6796.56005859375,6845.080078125,6759.740234375,6781.47998046875,85.33984375
2026-03-11,^GSPC,6790.08984375,6811.14990234375,6745.58984375,6775.7998046875,65.56005859375
2026-03-12,^GSPC,6740.8798828125,6740.8798828125,6670.39990234375,6672.6201171875,70.47998046875
2026-03-13,^GSPC,6673.490234375,6733.2998046875,6623.919921875,6632.18994140625,109.3798828125
2026-03-16,^GSPC,6674.3701171875,6729.7900390625,6674.3701171875,6699.3798828125,55.419921875
2026-03-17,^GSPC,6722.35009765625,6754.2998046875,6710.7998046875,6716.08984375,43.5
2026-03-18,^GSPC,6697.16015625,6705.18017578125,6621.66015625,6624.7001953125,83.52001953125
2026-03-19,^GSPC,6583.1201171875,6636.740234375,6557.81982421875,6606.490234375,78.92041015625
2026-03-20,^GSPC,6594.66015625,6594.66015625,6473.52001953125,6506.47998046875,121.14013671875
2026-03-23,^GSPC,6574.9599609375,6651.6201171875,6565.5498046875,6581.0,86.0703125
2026-03-24,^GSPC,6552.08984375,6595.75,6525.10986328125,6556.3701171875,70.64013671875
2026-03-25,^GSPC,6598.35009765625,6633.93994140625,6568.41015625,6591.89990234375,65.52978515625
2026-03-26,^GSPC,6555.85986328125,6573.22021484375,6473.7900390625,6477.16015625,99.43017578125
2026-03-27,^GSPC,6453.89013671875,6453.89013671875,6356.080078125,6368.85009765625,97.81005859375
2026-03-30,^GSPC,6403.3701171875,6427.31005859375,6316.91015625,6343.72021484375,110.39990234375
2026-03-31,^GSPC,6395.8798828125,6539.0498046875,6395.8798828125,6528.52001953125,143.169921875
2026-04-01,^GSPC,6556.56005859375,6609.669921875,6554.2900390625,6575.31982421875,55.3798828125
2026-04-02,^GSPC,6512.60986328125,6601.91015625,6474.93994140625,6582.68994140625,126.97021484375
2026-04-06,^GSPC,6587.66015625,6618.1298828125,6579.72021484375,6611.830078125,38.40966796875
2026-04-07,^GSPC,6601.93017578125,6618.259765625,6534.5498046875,6616.85009765625,83.7099609375
2026-04-08,^GSPC,6754.35986328125,6793.5,6740.27978515625,6782.81005859375,53.22021484375
2026-04-09,^GSPC,6783.68994140625,6835.31005859375,6761.5498046875,6824.66015625,73.76025390625
2026-04-10,^GSPC,6839.240234375,6845.77001953125,6808.4599609375,6816.89013671875,37.31005859375
2026-04-13,^GSPC,6806.47021484375,6887.0,6790.02001953125,6886.240234375,96.97998046875
2026-04-14,^GSPC,6910.2001953125,6969.419921875,6905.169921875,6967.3798828125,64.25
2026-04-15,^GSPC,6978.169921875,7026.240234375,6967.1298828125,7022.9501953125,59.1103515625
2026-04-16,^GSPC,7037.77978515625,7051.22998046875,7008.52001953125,7041.27978515625,42.7099609375
2026-04-17,^GSPC,7074.5498046875,7147.52001953125,7074.5498046875,7126.06005859375,72.97021484375
2026-04-20,^GSPC,7117.0498046875,7122.64990234375,7084.41015625,7109.14013671875,38.23974609375
2026-04-21,^GSPC,7122.64013671875,7137.27001953125,7050.2001953125,7064.009765625,87.06982421875
2026-04-22,^GSPC,7102.91015625,7138.64013671875,7102.91015625,7137.89990234375,35.72998046875
2026-04-23,^GSPC,7118.7998046875,7147.77978515625,7046.5498046875,7108.39990234375,101.22998046875
2026-04-24,^GSPC,7136.47998046875,7168.58984375,7112.81982421875,7165.080078125,55.77001953125
2026-04-27,^GSPC,7152.72021484375,7178.740234375,7146.72021484375,7173.91015625,32.02001953125
2026-04-28,^GSPC,7133.740234375,7152.52001953125,7115.169921875,7138.7998046875,37.35009765625
2026-04-29,^GSPC,7131.60986328125,7145.6298828125,7107.85986328125,7135.9501953125,37.77001953125
2025-01-02,^IXIC,19403.900390625,19517.869140625,19117.58984375,19280.7890625,400.279296875
2025-01-03,^IXIC,19395.509765625,19638.66015625,19379.5703125,19621.6796875,259.08984375
2025-01-06,^IXIC,19851.990234375,20007.94921875,19785.0,19864.98046875,222.94921875
2025-01-07,^IXIC,19938.080078125,19940.2109375,19421.01953125,19489.6796875,519.19140625
2025-01-08,^IXIC,19469.369140625,19544.509765625,19308.5390625,19478.880859375,235.970703125
2025-01-10,^IXIC,19312.259765625,19315.109375,19018.75,19161.630859375,296.359375
2025-01-13,^IXIC,18903.66015625,19099.970703125,18831.91015625,19088.099609375,268.060546875
2025-01-14,^IXIC,19207.75,19273.140625,18926.599609375,19044.390625,346.541015625
2025-01-15,^IXIC,19350.310546875,19548.900390625,19299.3203125,19511.23046875,249.580078125
2025-01-16,^IXIC,19573.869140625,19579.849609375,19335.6796875,19338.2890625,244.169921875
2025-01-17,^IXIC,19655.55078125,19709.640625,19543.3203125,19630.19921875,166.3203125
2025-01-21,^IXIC,19734.390625,19789.630859375,19551.169921875,19756.779296875,238.4609375
2025-01-22,^IXIC,19903.05078125,20068.51953125,19903.05078125,20009.33984375,165.46875
2025-01-23,^IXIC,19906.990234375,20053.6796875,19892.55078125,20053.6796875,161.12890625
2025-01-24,^IXIC,20087.109375,20118.609375,19897.130859375,19954.30078125,221.478515625
2025-01-27,^IXIC,19234.0390625,19514.349609375,19204.94921875,19341.830078125,309.400390625
2025-01-28,^IXIC,19418.220703125,19759.4296875,19294.619140625,19733.58984375,464.810546875
2025-01-29,^IXIC,19695.6796875,19699.8203125,19479.509765625,19632.3203125,220.310546875
2025-01-30,^IXIC,19697.529296875,19785.7890625,19483.830078125,19681.75,301.958984375
2025-01-31,^IXIC,19832.330078125,19969.169921875,19575.2109375,19627.439453125,393.958984375
2025-02-03,^IXIC,19215.380859375,19502.130859375,19141.150390625,19391.9609375,360.98046875
2025-02-04,^IXIC,19422.169921875,19666.439453125,19408.1796875,19654.01953125,258.259765625
2025-02-05,^IXIC,19533.05078125,19696.939453125,19498.900390625,19692.330078125,198.0390625
2025-02-06,^IXIC,19725.830078125,19793.359375,19654.109375,19791.990234375,139.25
2025-02-07,^IXIC,19774.869140625,19862.5390625,19489.359375,19523.400390625,373.1796875
2025-02-10,^IXIC,19668.1796875,19772.0390625,19650.7890625,19714.26953125,121.25
2025-02-11,^IXIC,19602.109375,19731.9296875,19579.76953125,19643.859375,152.16015625
2025-02-12,^IXIC,19436.509765625,19682.509765625,19415.48046875,19649.94921875,267.029296875
2025-02-13,^IXIC,19696.919921875,19952.169921875,19675.869140625,19945.640625,276.30078125
2025-02-14,^IXIC,19956.8203125,20045.759765625,19932.150390625,20026.76953125,113.609375
2025-02-18,^IXIC,20090.55078125,20110.119140625,19909.740234375,20041.259765625,200.37890625
2025-02-19,^IXIC,19994.5,20099.390625,19928.890625,20056.25,170.5
2025-02-20,^IXIC,20029.189453125,20041.150390625,19795.01953125,19962.359375,246.130859375
2025-02-21,^IXIC,20006.689453125,20016.66015625,19510.91015625,19524.009765625,505.75
2025-02-24,^IXIC,19590.849609375,19644.23046875,19275.4609375,19286.9296875,368.76953125
2025-02-25,^IXIC,19242.609375,19256.349609375,18871.51953125,19026.390625,384.830078125
2025-02-26,^IXIC,19109.3203125,19286.01953125,18966.4609375,19075.259765625,319.55859375
2025-02-27,^IXIC,19212.359375,19242.689453125,18535.220703125,18544.419921875,707.46875
2025-02-28,^IXIC,18477.169921875,18861.330078125,18372.990234375,18847.279296875,488.33984375
2025-03-03,^IXIC,18923.359375,18992.30078125,18216.630859375,18350.189453125,775.669921875
2025-03-04,^IXIC,18176.4296875,18589.490234375,17956.599609375,18285.16015625,632.890625
2025-03-05,^IXIC,18312.970703125,18604.470703125,18144.73046875,18552.73046875,459.740234375
2025-03-06,^IXIC,18204.529296875,18439.240234375,17980.390625,18069.259765625,458.849609375
2025-03-07,^IXIC,18029.849609375,18243.580078125,17768.58984375,18196.220703125,474.990234375
2025-03-10,^IXIC,17840.3203125,17868.080078125,17291.8203125,17468.3203125,576.259765625
2025-03-11,^IXIC,17443.08984375,17687.400390625,17238.240234375,17436.099609375,449.16015625
2025-03-12,^IXIC,17711.41015625,17800.099609375,17436.26953125,17648.44921875,363.830078125
2025-03-13,^IXIC,17598.560546875,17621.91015625,17239.439453125,17303.009765625,382.470703125
2025-03-14,^IXIC,17523.30078125,17773.48046875,17491.080078125,17754.08984375,282.400390625
2025-03-17,^IXIC,17722.5390625,17925.939453125,17645.869140625,17808.66015625,280.0703125
2025-03-18,^IXIC,17662.5703125,17682.919921875,17431.669921875,17504.119140625,251.25
2025-03-19,^IXIC,17590.119140625,17917.5390625,17533.939453125,17750.7890625,383.599609375
2025-03-20,^IXIC,17586.060546875,17903.19921875,17576.8203125,17691.630859375,326.37890625
2025-03-21,^IXIC,17519.83984375,17798.060546875,17474.810546875,17784.05078125,323.25
2025-03-24,^IXIC,18046.189453125,18210.05078125,18030.6796875,18188.58984375,179.37109375
2025-03-25,^IXIC,18207.970703125,18281.130859375,18170.419921875,18271.859375,110.7109375
2025-03-26,^IXIC,18217.330078125,18236.55078125,17837.259765625,17899.01953125,399.291015625
2025-03-27,^IXIC,17811.240234375,17988.01953125,17743.80078125,17804.029296875,244.21875
2025-03-28,^IXIC,17722.08984375,17763.279296875,17283.060546875,17322.990234375,480.21875
2025-03-31,^IXIC,17045.439453125,17334.98046875,16854.369140625,17299.2890625,480.611328125
2025-04-01,^IXIC,17221.55078125,17506.58984375,17149.359375,17449.890625,357.23046875
2025-04-02,^IXIC,17207.009765625,17716.51953125,17181.26953125,17601.05078125,535.25
2025-04-03,^IXIC,16790.529296875,16889.33984375,16533.0390625,16550.609375,356.30078125
2025-04-04,^IXIC,16045.599609375,16128.16015625,15575.6796875,15587.7900390625,552.48046875
2025-04-07,^IXIC,14978.0302734375,16292.2802734375,14784.0302734375,15603.259765625,1508.25
2025-04-08,^IXIC,16181.0400390625,16316.509765625,15053.3896484375,15267.91015625,1263.1201171875
2025-04-09,^IXIC,15295.4404296875,17202.939453125,15270.2802734375,17124.970703125,1932.6591796875
2025-04-10,^IXIC,16635.44921875,16712.369140625,15894.26953125,16387.310546875,818.099609375
2025-04-11,^IXIC,16358.5302734375,16753.41015625,16228.0400390625,16724.4609375,525.3701171875
2025-04-14,^IXIC,17120.439453125,17136.560546875,16661.259765625,16831.48046875,475.30078125
2025-04-15,^IXIC,16842.390625,16979.9609375,16753.220703125,16823.169921875,226.740234375
2025-04-16,^IXIC,16499.689453125,16600.369140625,16066.4599609375,16307.16015625,533.9091796875
2025-04-17,^IXIC,16399.970703125,16408.509765625,16181.169921875,16286.4501953125,227.33984375
2025-04-21,^IXIC,16052.759765625,16066.7900390625,15685.330078125,15870.900390625,381.4599609375
2025-04-22,^IXIC,16079.9404296875,16410.560546875,16038.73046875,16300.419921875,371.830078125
2025-04-23,^IXIC,16880.2890625,17029.859375,16642.66015625,16708.05078125,387.19921875
2025-04-24,^IXIC,16754.759765625,17174.349609375,16744.970703125,17166.0390625,429.37890625
2025-04-25,^IXIC,17182.109375,17404.490234375,17110.720703125,17382.939453125,293.76953125
2025-04-28,^IXIC,17390.9296875,17467.349609375,17128.7109375,17366.130859375,338.638671875
2025-04-29,^IXIC,17270.759765625,17500.419921875,17256.19921875,17461.3203125,244.220703125
2025-04-30,^IXIC,17099.98046875,17483.8203125,16959.529296875,17446.33984375,524.291015625
2025-05-01,^IXIC,17793.140625,17922.830078125,17688.109375,17710.740234375,234.720703125
2025-05-02,^IXIC,17868.759765625,18048.830078125,17812.0390625,17977.73046875,236.791015625
2025-05-05,^IXIC,17817.009765625,17965.640625,17792.080078125,17844.240234375,173.560546875
2025-05-06,^IXIC,17623.2109375,17830.349609375,17592.880859375,17689.66015625,237.46875
2025-05-07,^IXIC,17706.830078125,17820.2890625,17503.009765625,17738.16015625,317.279296875
2025-05-08,^IXIC,17920.150390625,18096.0,17776.0,17928.140625,320.0
2025-05-09,^IXIC,18022.55078125,18068.900390625,17853.83984375,17928.919921875,215.060546875
2025-05-12,^IXIC,18674.560546875,18710.220703125,18472.7109375,18708.33984375,237.509765625
2025-05-13,^IXIC,18761.23046875,19065.9609375,18745.5,19010.08984375,320.4609375
2025-05-14,^IXIC,19074.720703125,19174.55078125,19023.609375,19146.810546875,150.94140625
2025-05-15,^IXIC,19031.240234375,19207.220703125,18967.779296875,19112.3203125,239.44140625
2025-05-16,^IXIC,19151.5390625,19213.419921875,19038.48046875,19211.099609375,174.939453125
2025-05-19,^IXIC,18937.419921875,19227.220703125,18937.419921875,19215.4609375,289.80078125
2025-05-20,^IXIC,19132.060546875,19186.689453125,19015.630859375,19142.7109375,171.05859375
2025-05-21,^IXIC,19002.939453125,19241.41015625,18799.19921875,18872.640625,442.2109375
2025-05-22,^IXIC,18888.05078125,19061.109375,18840.33984375,18925.740234375,220.76953125
2025-05-23,^IXIC,18622.380859375,18841.51953125,18599.689453125,18737.2109375,241.830078125
2025-05-27,^IXIC,19014.439453125,19210.94921875,18961.689453125,19199.16015625,249.259765625
2025-05-28,^IXIC,19232.619140625,19276.830078125,19084.380859375,19100.939453125,192.44921875
2025-05-29,^IXIC,19389.390625,19389.390625,19091.5390625,19175.869140625,297.8515625
2025-05-30,^IXIC,19131.220703125,19157.779296875,18847.740234375,19113.76953125,310.0390625
2025-06-02,^IXIC,19063.060546875,19252.7109375,18985.30078125,19242.609375,267.41015625
2025-06-03,^IXIC,19288.66015625,19459.279296875,19224.69921875,19398.9609375,234.580078125
2025-06-04,^IXIC,19434.939453125,19493.44921875,19359.08984375,19460.490234375,134.359375
2025-06-05,^IXIC,19518.19921875,19610.509765625,19226.220703125,19298.44921875,384.2890625
2025-06-06,^IXIC,19526.990234375,19593.1796875,19464.83984375,19529.94921875,128.33984375
2025-06-09,^IXIC,19573.140625,19637.560546875,19531.099609375,19591.240234375,106.4609375
2025-06-10,^IXIC,19620.109375,19730.380859375,19539.08984375,19714.990234375,191.291015625
2025-06-11,^IXIC,19779.359375,19800.4609375,19551.349609375,19615.880859375,249.111328125
2025-06-12,^IXIC,19578.869140625,19690.609375,19553.560546875,19662.490234375,137.048828125
2025-06-13,^IXIC,19450.9296875,19591.869140625,19367.419921875,19406.830078125,224.44921875
2025-06-16,^IXIC,19550.75,19733.310546875,19550.75,19701.2109375,182.560546875
2025-06-17,^IXIC,19627.080078125,19666.560546875,19485.439453125,19521.08984375,181.12109375
2025-06-18,^IXIC,19526.919921875,19660.76953125,19489.560546875,19546.26953125,171.208984375
2025-06-20,^IXIC,19639.41015625,19696.109375,19380.580078125,19447.41015625,315.529296875
2025-06-23,^IXIC,19427.009765625,19643.69921875,19334.98046875,19630.970703125,308.71875
2025-06-24,^IXIC,19809.619140625,19946.720703125,19795.2890625,19912.529296875,151.431640625
2025-06-25,^IXIC,20013.94921875,20052.779296875,19918.080078125,19973.55078125,134.69921875
2025-06-26,^IXIC,20062.189453125,20187.150390625,19982.48046875,20167.91015625,204.669921875
2025-06-27,^IXIC,20217.259765625,20311.509765625,20095.05078125,20273.4609375,216.458984375
2025-06-30,^IXIC,20360.150390625,20418.310546875,20266.359375,20369.73046875,151.951171875
2025-07-01,^IXIC,20290.609375,20339.05078125,20105.41015625,20202.890625,233.640625
2025-07-02,^IXIC,20184.369140625,20397.220703125,20181.740234375,20393.130859375,215.48046875
2025-07-03,^IXIC,20497.66015625,20624.509765625,20480.220703125,20601.099609375,144.2890625
2025-07-07,^IXIC,20490.55078125,20511.8203125,20323.01953125,20412.51953125,188.80078125
2025-07-08,^IXIC,20466.9296875,20480.890625,20377.359375,20418.4609375,103.53125
2025-07-09,^IXIC,20522.08984375,20645.41015625,20486.380859375,20611.33984375,159.029296875
2025-07-10,^IXIC,20636.48046875,20655.390625,20495.140625,20630.66015625,160.25
2025-07-11,^IXIC,20562.880859375,20647.970703125,20509.75,20585.529296875,138.220703125
2025-07-14,^IXIC,20592.560546875,20672.33984375,20492.630859375,20640.330078125,179.708984375
2025-07-15,^IXIC,20822.759765625,20836.0390625,20670.580078125,20677.80078125,165.458984375
2025-07-16,^IXIC,20717.810546875,20751.05078125,20507.060546875,20730.490234375,243.990234375
2025-07-17,^IXIC,20760.3203125,20911.830078125,20735.55078125,20885.650390625,176.279296875
2025-07-18,^IXIC,20959.5703125,20980.560546875,20846.119140625,20895.650390625,134.44140625
2025-07-21,^IXIC,20960.330078125,21077.369140625,20957.439453125,20974.1796875,119.9296875
2025-07-22,^IXIC,20982.2109375,20985.33984375,20750.900390625,20892.689453125,234.439453125
2025-07-23,^IXIC,20966.470703125,21023.849609375,20870.669921875,21020.01953125,153.1796875
2025-07-24,^IXIC,21083.8203125,21113.099609375,21001.6796875,21057.9609375,111.419921875
2025-07-25,^IXIC,21059.939453125,21159.80078125,21036.849609375,21108.3203125,122.951171875
2025-07-28,^IXIC,21176.400390625,21202.1796875,21122.119140625,21178.580078125,80.060546875
2025-07-29,^IXIC,21286.720703125,21303.9609375,21081.689453125,21098.2890625,222.271484375
2025-07-30,^IXIC,21140.400390625,21230.880859375,21016.919921875,21129.669921875,213.9609375
2025-07-31,^IXIC,21457.48046875,21457.48046875,21078.669921875,21122.44921875,378.810546875
2025-08-01,^IXIC,20830.640625,20865.630859375,20560.169921875,20650.130859375,305.4609375
2025-08-04,^IXIC,20853.91015625,21055.240234375,20833.859375,21053.580078125,221.380859375
2025-08-05,^IXIC,21092.099609375,21138.720703125,20893.2890625,20916.55078125,245.431640625
2025-08-06,^IXIC,20955.220703125,21183.880859375,20937.490234375,21169.419921875,246.390625
2025-08-07,^IXIC,21325.009765625,21408.150390625,21090.05078125,21242.69921875,318.099609375
2025-08-08,^IXIC,21316.369140625,21464.529296875,21284.970703125,21450.01953125,179.55859375
2025-08-11,^IXIC,21459.650390625,21549.73046875,21346.619140625,21385.400390625,203.111328125
2025-08-12,^IXIC,21507.439453125,21689.6796875,21386.25,21681.900390625,303.4296875
2025-08-13,^IXIC,21764.55078125,21803.75,21645.140625,21713.140625,158.609375
2025-08-14,^IXIC,21649.2109375,21766.2890625,21627.130859375,21710.669921875,139.158203125
2025-08-15,^IXIC,21709.33984375,21716.1796875,21567.4609375,21622.98046875,148.71875
2025-08-18,^IXIC,21616.8203125,21651.5,21559.330078125,21629.76953125,92.169921875
2025-08-19,^IXIC,21607.44921875,21610.240234375,21277.7109375,21314.94921875,332.529296875
2025-08-20,^IXIC,21269.669921875,21269.669921875,20905.990234375,21172.859375,363.6796875
2025-08-21,^IXIC,21112.51953125,21198.759765625,21013.529296875,21100.310546875,185.23046875
2025-08-22,^IXIC,21139.830078125,21545.4296875,21092.359375,21496.5390625,453.0703125
2025-08-25,^IXIC,21466.470703125,21572.1796875,21400.08984375,21449.2890625,172.08984375
2025-08-26,^IXIC,21443.630859375,21550.9296875,21389.099609375,21544.26953125,161.830078125
2025-08-27,^IXIC,21526.330078125,21616.169921875,21476.30078125,21590.140625,139.869140625
2025-08-28,^IXIC,21619.26953125,21742.4609375,21534.939453125,21705.16015625,207.521484375
2025-08-29,^IXIC,21630.330078125,21631.150390625,21397.98046875,21455.55078125,233.169921875
2025-09-02,^IXIC,21086.5703125,21293.689453125,21033.05078125,21279.630859375,260.638671875
2025-09-03,^IXIC,21461.630859375,21553.98046875,21370.98046875,21497.73046875,183.0
2025-09-04,^IXIC,21539.91015625,21711.9609375,21469.400390625,21707.689453125,242.560546875
2025-09-05,^IXIC,21860.439453125,21878.810546875,21534.720703125,21700.390625,344.08984375
2025-09-08,^IXIC,21806.220703125,21885.619140625,21776.240234375,21798.69921875,109.37890625
2025-09-09,^IXIC,21858.169921875,21891.419921875,21731.48046875,21879.490234375,159.939453125
2025-09-10,^IXIC,21980.599609375,22000.970703125,21810.83984375,21886.060546875,190.130859375
2025-09-11,^IXIC,21977.51953125,22059.7109375,21908.810546875,22043.0703125,150.900390625
2025-09-12,^IXIC,22078.630859375,22182.33984375,22031.619140625,22141.099609375,150.720703125
2025-09-15,^IXIC,22243.19921875,22352.25,22233.0,22348.75,119.25
2025-09-16,^IXIC,22397.5,22397.5,22308.779296875,22333.9609375,88.720703125
2025-09-17,^IXIC,22333.01953125,22339.5390625,22058.919921875,22261.330078125,280.619140625
2025-09-18,^IXIC,22439.109375,22540.9296875,22358.48046875,22470.720703125,182.44921875
2025-09-19,^IXIC,22554.310546875,22645.109375,22497.7109375,22631.48046875,147.3984375
2025-09-22,^IXIC,22606.58984375,22801.900390625,22590.859375,22788.98046875,211.041015625
2025-09-23,^IXIC,22782.720703125,22785.130859375,22539.0390625,22573.470703125,246.091796875
2025-09-24,^IXIC,22656.01953125,22657.44921875,22397.0,22497.859375,260.44921875
2025-09-25,^IXIC,22318.76953125,22456.779296875,22185.869140625,22384.69921875,270.91015625
2025-09-26,^IXIC,22403.26953125,22488.1796875,22285.439453125,22484.0703125,202.740234375
2025-09-29,^IXIC,22605.30078125,22704.900390625,22536.05078125,22591.150390625,168.849609375
2025-09-30,^IXIC,22580.359375,22671.390625,22493.9609375,22660.009765625,177.4296875
2025-10-01,^IXIC,22530.94921875,22782.580078125,22516.740234375,22755.16015625,265.83984375
2025-10-02,^IXIC,22885.900390625,22900.599609375,22729.75,22844.05078125,170.849609375
2025-10-03,^IXIC,22886.16015625,22925.4296875,22695.8203125,22780.509765625,229.609375
2025-10-06,^IXIC,22894.349609375,22991.720703125,22827.560546875,22941.669921875,164.16015625
2025-10-07,^IXIC,22972.369140625,23006.0703125,22718.759765625,22788.359375,287.310546875
2025-10-08,^IXIC,22852.3203125,23045.140625,22845.419921875,23043.380859375,199.720703125
2025-10-09,^IXIC,23045.330078125,23062.619140625,22899.16015625,23024.630859375,163.458984375
2025-10-10,^IXIC,23043.51953125,23119.91015625,22193.0703125,22204.4296875,926.83984375
2025-10-13,^IXIC,22578.669921875,22718.75,22499.490234375,22694.609375,219.259765625
2025-10-14,^IXIC,22388.0390625,22691.0703125,22213.73046875,22521.69921875,477.33984375
2025-10-15,^IXIC,22738.5,22841.689453125,22427.7890625,22670.080078125,413.900390625
2025-10-16,^IXIC,22764.400390625,22886.869140625,22404.689453125,22562.5390625,482.1796875
2025-10-17,^IXIC,22489.810546875,22736.009765625,22396.650390625,22679.970703125,339.359375
2025-10-20,^IXIC,22844.8203125,23031.869140625,22841.0,22990.5390625,190.869140625
2025-10-21,^IXIC,22984.55078125,23010.349609375,22894.419921875,22953.669921875,115.9296875
2025-10-22,^IXIC,22940.7890625,22978.400390625,22514.080078125,22740.400390625,464.3203125
2025-10-23,^IXIC,22751.330078125,22983.4609375,22732.1796875,22941.80078125,251.28125
2025-10-24,^IXIC,23143.23046875,23261.259765625,23127.9609375,23204.869140625,133.298828125
2025-10-27,^IXIC,23537.3203125,23658.66015625,23493.9609375,23637.4609375,164.69921875
2025-10-28,^IXIC,23766.4609375,23901.359375,23675.189453125,23827.490234375,226.169921875
2025-10-29,^IXIC,23987.2890625,24019.990234375,23763.990234375,23958.470703125,256.0
2025-10-30,^IXIC,23793.080078125,23846.130859375,23578.470703125,23581.140625,267.66015625
2025-10-31,^IXIC,23941.779296875,23946.23046875,23628.8203125,23724.9609375,317.41015625
2025-11-03,^IXIC,23951.91015625,23976.83984375,23764.869140625,23834.720703125,211.970703125
2025-11-04,^IXIC,23458.2109375,23644.150390625,23333.3203125,23348.640625,310.830078125
2025-11-05,^IXIC,23358.0703125,23636.529296875,23286.869140625,23499.80078125,349.66015625
2025-11-06,^IXIC,23461.2890625,23469.55078125,23011.060546875,23053.990234375,458.490234375
2025-11-07,^IXIC,22892.919921875,23009.91015625,22563.419921875,23004.5390625,446.490234375
2025-11-10,^IXIC,23354.849609375,23569.619140625,23290.05078125,23527.169921875,279.568359375
2025-11-11,^IXIC,23407.720703125,23508.439453125,23315.279296875,23468.30078125,193.16015625
2025-11-12,^IXIC,23563.83984375,23564.08984375,23278.30078125,23406.4609375,285.7890625
2025-11-13,^IXIC,23262.640625,23264.26953125,22796.0703125,22870.359375,468.19921875
2025-11-14,^IXIC,22544.720703125,23073.1796875,22436.7890625,22900.58984375,636.390625
2025-11-17,^IXIC,22788.3203125,23044.55078125,22559.509765625,22708.0703125,485.041015625
2025-11-18,^IXIC,22565.900390625,22643.009765625,22231.150390625,22432.849609375,411.859375
2025-11-19,^IXIC,22459.26953125,22821.240234375,22385.220703125,22564.23046875,436.01953125
2025-11-20,^IXIC,23057.0,23147.330078125,22043.19921875,22078.05078125,1104.130859375
2025-11-21,^IXIC,22162.830078125,22531.83984375,21898.2890625,22273.080078125,633.55078125
2025-11-24,^IXIC,22482.16015625,22916.400390625,22478.26953125,22872.009765625,438.130859375
2025-11-25,^IXIC,22802.849609375,23070.08984375,22587.109375,23025.58984375,482.98046875
2025-11-26,^IXIC,23163.189453125,23280.580078125,23074.390625,23214.689453125,206.189453125
2025-11-28,^IXIC,23291.58984375,23365.7890625,23250.509765625,23365.689453125,115.279296875
2025-12-01,^IXIC,23172.33984375,23363.849609375,23110.2109375,23275.919921875,253.638671875
2025-12-02,^IXIC,23379.75,23526.23046875,23286.4609375,23413.669921875,239.76953125
2025-12-03,^IXIC,23315.580078125,23499.9296875,23271.830078125,23454.08984375,228.099609375
2025-12-04,^IXIC,23527.30078125,23528.529296875,23372.330078125,23505.140625,156.19921875
2025-12-05,^IXIC,23567.76953125,23680.029296875,23506.0,23578.130859375,174.029296875
2025-12-08,^IXIC,23638.220703125,23698.9296875,23455.05078125,23545.900390625,243.87890625
2025-12-09,^IXIC,23504.609375,23616.4609375,23449.73046875,23576.490234375,166.73046875
2025-12-10,^IXIC,23536.0,23704.080078125,23435.169921875,23654.150390625,268.91015625
2025-12-11,^IXIC,23509.220703125,23606.69921875,23308.94921875,23593.859375,297.75
2025-12-12,^IXIC,23488.869140625,23554.890625,23094.509765625,23195.169921875,460.380859375
2025-12-15,^IXIC,23330.0390625,23345.560546875,23012.0,23057.41015625,333.560546875
2025-12-16,^IXIC,22981.8203125,23162.599609375,22920.66015625,23111.4609375,241.939453125
2025-12-17,^IXIC,23135.609375,23159.19921875,22692.0,22693.3203125,467.19921875
2025-12-18,^IXIC,23012.060546875,23149.609375,22906.23046875,23006.359375,243.37890625
2025-12-19,^IXIC,23121.900390625,23307.91015625,23106.189453125,23307.619140625,201.720703125
2025-12-22,^IXIC,23450.529296875,23476.5,23362.9296875,23428.830078125,113.5703125
2025-12-23,^IXIC,23407.69921875,23563.4609375,23377.490234375,23561.83984375,185.970703125
2025-12-24,^IXIC,23555.94921875,23621.720703125,23527.970703125,23613.310546875,93.75
2025-12-26,^IXIC,23645.91015625,23665.150390625,23567.859375,23593.099609375,97.291015625
2025-12-29,^IXIC,23414.6796875,23531.01953125,23397.51953125,23474.349609375,133.5
2025-12-30,^IXIC,23465.669921875,23521.05078125,23414.830078125,23419.080078125,106.220703125
2025-12-31,^IXIC,23420.849609375,23445.259765625,23237.779296875,23241.990234375,207.48046875
2026-01-02,^IXIC,23481.490234375,23585.9609375,23119.490234375,23235.630859375,466.470703125
2026-01-05,^IXIC,23449.669921875,23476.509765625,23332.23046875,23395.8203125,144.279296875
2026-01-06,^IXIC,23446.9609375,23559.150390625,23389.5703125,23547.169921875,169.580078125
2026-01-07,^IXIC,23544.890625,23723.369140625,23504.2109375,23584.279296875,219.158203125
2026-01-08,^IXIC,23548.880859375,23558.169921875,23353.4609375,23480.01953125,204.708984375
2026-01-09,^IXIC,23496.2109375,23721.150390625,23426.48046875,23671.349609375,294.669921875
2026-01-12,^IXIC,23576.880859375,23804.0390625,23562.970703125,23733.900390625,241.068359375
2026-01-13,^IXIC,23735.119140625,23813.30078125,23607.58984375,23709.869140625,205.7109375
2026-01-14,^IXIC,23563.919921875,23590.19921875,23306.66015625,23471.75,283.5390625
2026-01-15,^IXIC,23693.970703125,23721.109375,23502.1796875,23530.01953125,218.9296875
2026-01-16,^IXIC,23639.689453125,23664.259765625,23446.810546875,23515.390625,217.44921875
2026-01-20,^IXIC,23142.689453125,23236.05078125,22916.830078125,22954.3203125,319.220703125
2026-01-21,^IXIC,23017.6796875,23383.240234375,22927.880859375,23224.8203125,455.359375
2026-01-22,^IXIC,23440.7109375,23503.16015625,23335.150390625,23436.01953125,168.009765625
2026-01-23,^IXIC,23440.919921875,23610.740234375,23374.259765625,23501.240234375,236.48046875
2026-01-26,^IXIC,23529.279296875,23688.939453125,23486.080078125,23601.359375,202.859375
2026-01-27,^IXIC,23734.75,23865.259765625,23694.380859375,23817.099609375,170.87890625
2026-01-28,^IXIC,23965.109375,23988.26953125,23775.490234375,23857.44921875,212.779296875
2026-01-29,^IXIC,23830.919921875,23840.55078125,23232.779296875,23685.119140625,607.771484375
2026-01-30,^IXIC,23578.9609375,23662.25,23351.55078125,23461.8203125,310.69921875
2026-02-02,^IXIC,23370.5390625,23686.830078125,23356.400390625,23592.109375,330.4296875
2026-02-03,^IXIC,23667.439453125,23691.599609375,23027.2109375,23255.189453125,664.388671875
2026-02-04,^IXIC,23217.01953125,23270.0703125,22684.509765625,22904.580078125,585.560546875
2026-02-05,^IXIC,22604.01953125,22841.279296875,22461.140625,22540.58984375,380.138671875
2026-02-06,^IXIC,22625.30078125,23088.4609375,22586.400390625,23031.2109375,502.060546875
2026-02-09,^IXIC,22952.240234375,23314.669921875,22878.369140625,23238.669921875,436.30078125
2026-02-10,^IXIC,23271.220703125,23310.73046875,23089.099609375,23102.470703125,221.630859375
2026-02-11,^IXIC,23278.2890625,23320.619140625,22902.009765625,23066.470703125,418.609375
2026-02-12,^IXIC,23142.869140625,23161.599609375,22548.01953125,22597.150390625,613.580078125
2026-02-13,^IXIC,22561.4609375,22742.060546875,22402.380859375,22546.669921875,339.6796875
2026-02-17,^IXIC,22394.759765625,22690.830078125,22256.759765625,22578.380859375,434.0703125
2026-02-18,^IXIC,22629.849609375,22895.9609375,22597.76953125,22753.630859375,298.19140625
2026-02-19,^IXIC,22639.880859375,22768.830078125,22583.609375,22682.73046875,185.220703125
2026-02-20,^IXIC,22542.279296875,22948.869140625,22539.05078125,22886.0703125,409.818359375
2026-02-23,^IXIC,22840.970703125,22893.220703125,22547.119140625,22627.26953125,346.1015625
2026-02-24,^IXIC,22641.599609375,22895.48046875,22528.259765625,22863.6796875,367.220703125
2026-02-25,^IXIC,23005.009765625,23169.6796875,23004.689453125,23152.080078125,164.990234375
2026-02-26,^IXIC,23100.580078125,23109.4609375,22670.80078125,22878.380859375,438.66015625
2026-02-27,^IXIC,22615.4296875,22735.779296875,22538.30078125,22668.2109375,197.478515625
2026-03-02,^IXIC,22322.119140625,22802.80078125,22306.080078125,22748.859375,496.720703125
2026-03-03,^IXIC,22292.369140625,22601.58984375,22124.779296875,22516.689453125,476.810546875
2026-03-04,^IXIC,22620.890625,22891.880859375,22570.669921875,22807.48046875,321.2109375
2026-03-05,^IXIC,22707.470703125,22877.01953125,22500.2890625,22748.990234375,376.73046875
2026-03-06,^IXIC,22421.169921875,22614.41015625,22328.130859375,22387.6796875,286.279296875
2026-03-09,^IXIC,22184.05078125,22741.029296875,22061.970703125,22695.94921875,679.05859375
2026-03-10,^IXIC,22722.939453125,22906.720703125,22608.23046875,22697.099609375,298.490234375
2026-03-11,^IXIC,22771.26953125,22877.7109375,22602.330078125,22716.130859375,275.380859375
2026-03-12,^IXIC,22526.58984375,22550.75,22290.48046875,22311.98046875,260.26953125
2026-03-13,^IXIC,22425.69921875,22521.380859375,22069.240234375,22105.359375,452.140625
2026-03-16,^IXIC,22340.390625,22521.58984375,22316.630859375,22374.1796875,204.958984375
2026-03-17,^IXIC,22458.029296875,22569.640625,22409.0703125,22479.529296875,160.5703125
2026-03-18,^IXIC,22421.9609375,22461.759765625,22144.759765625,22152.419921875,317.0
2026-03-19,^IXIC,21871.0390625,22187.060546875,21851.05078125,22090.689453125,336.009765625
2026-03-20,^IXIC,21989.330078125,21997.08984375,21522.75,21647.609375,474.33984375
2026-03-23,^IXIC,21995.779296875,22189.33984375,21865.80078125,21946.759765625,323.5390625
2026-03-24,^IXIC,21807.599609375,21916.16015625,21712.0390625,21761.890625,204.12109375
2026-03-25,^IXIC,22006.4296875,22093.1796875,21865.4609375,21929.8203125,227.71875
2026-03-26,^IXIC,21693.1796875,21823.580078125,21395.76953125,21408.080078125,427.810546875
2026-03-27,^IXIC,21287.189453125,21293.5,20909.9296875,20948.359375,383.5703125
2026-03-30,^IXIC,21096.240234375,21139.720703125,20690.25,20794.640625,449.470703125
2026-03-31,^IXIC,21064.330078125,21642.619140625,21063.380859375,21590.630859375,579.23828125
2026-04-01,^IXIC,21742.7890625,21983.0703125,21723.720703125,21840.94921875,259.349609375
2026-04-02,^IXIC,21472.51953125,21906.48046875,21371.3203125,21879.1796875,535.16015625
2026-04-06,^IXIC,21939.80078125,22052.41015625,21864.5,21996.33984375,187.91015625
2026-04-07,^IXIC,21927.08984375,22024.900390625,21611.0,22017.849609375,413.900390625
2026-04-08,^IXIC,22821.2109375,22821.2109375,22501.279296875,22634.990234375,319.931640625
2026-04-09,^IXIC,22646.349609375,22836.75,22529.2109375,22822.419921875,307.5390625
2026-04-10,^IXIC,22913.91015625,23011.76953125,22845.05078125,22902.890625,166.71875
2026-04-13,^IXIC,22849.23046875,23187.9609375,22795.8203125,23183.740234375,392.140625
2026-04-14,^IXIC,23331.5,23639.080078125,23331.5,23639.080078125,307.580078125
2026-04-15,^IXIC,23688.119140625,24026.560546875,23672.259765625,24016.01953125,354.30078125
2026-04-16,^IXIC,24062.44921875,24156.1796875,23894.91015625,24102.69921875,261.26953125
2026-04-17,^IXIC,24338.009765625,24519.509765625,24286.470703125,24468.48046875,233.0390625
2026-04-20,^IXIC,24417.529296875,24435.919921875,24221.529296875,24404.390625,214.390625
2026-04-21,^IXIC,24465.33984375,24537.580078125,24198.990234375,24259.9609375,338.58984375
2026-04-22,^IXIC,24462.310546875,24660.109375,24421.400390625,24657.5703125,238.708984375
2026-04-23,^IXIC,24553.75,24664.869140625,24209.740234375,24438.5,455.12890625
2026-04-24,^IXIC,24616.560546875,24854.0390625,24524.369140625,24836.599609375,329.669921875
2026-04-27,^IXIC,24799.640625,24899.369140625,24694.8203125,24887.099609375,204.548828125
2026-04-28,^IXIC,24609.5703125,24724.69921875,24524.23046875,24663.80078125,200.46875
2026-04-29,^IXIC,24606.529296875,24724.109375,24532.69921875,24673.240234375,191.41015625
